month,train_end,test_end,spec,train_n,train_r,train_p,alpha,beta,x,prediction,actual,position,turnover,strategy_net
2009-11,2009-10,2010-10,Copper return lag 2,60,0.37440527221604114,0.003207367420437397,-0.026507540095102998,0.7569186506503273,0.003051092980275172,-0.02419811091346443,-0.028247310430910666,-1.0,1.0,0.026247310430910664
2009-12,2009-10,2010-10,Copper return lag 2,60,0.37440527221604114,0.003207367420437397,-0.026507540095102998,0.7569186506503273,0.01763618595707861,-0.013158382017852806,0.09425187006296687,-1.0,0.0,-0.09425187006296687
2010-01,2009-10,2010-10,Copper return lag 2,60,0.37440527221604114,0.003207367420437397,-0.026507540095102998,0.7569186506503273,0.057983502489285854,0.017381254369067144,-0.1821204912971357,1.0,2.0,-0.1861204912971357
2010-02,2009-10,2010-10,Copper return lag 2,60,0.37440527221604114,0.003207367420437397,-0.026507540095102998,0.7569186506503273,0.0431323508030399,0.00614014067411052,-0.04235223080603667,1.0,0.0,-0.04235223080603667
2010-03,2009-10,2010-10,Copper return lag 2,60,0.37440527221604114,0.003207367420437397,-0.026507540095102998,0.7569186506503273,0.054445856701274664,0.014703544292726897,0.12378033178665149,1.0,0.0,0.12378033178665149
2010-04,2009-10,2010-10,Copper return lag 2,60,0.37440527221604114,0.003207367420437397,-0.026507540095102998,0.7569186506503273,-0.07023584807226868,-0.079670363445246,0.20477255037919262,-1.0,2.0,-0.20877255037919262
2010-05,2009-10,2010-10,Copper return lag 2,60,0.37440527221604114,0.003207367420437397,-0.026507540095102998,0.7569186506503273,0.08365895692628911,0.0368154846963576,-0.10407719465342868,1.0,2.0,-0.10807719465342869
2010-06,2009-10,2010-10,Copper return lag 2,60,0.37440527221604114,0.003207367420437397,-0.026507540095102998,0.7569186506503273,0.03460326245284051,-0.00031568537119982393,-0.35624335095455306,-1.0,2.0,0.35224335095455306
2010-07,2009-10,2010-10,Copper return lag 2,60,0.37440527221604114,0.003207367420437397,-0.026507540095102998,0.7569186506503273,-0.12183853477624496,-0.11872939943515129,0.2127848872782101,-1.0,0.0,-0.2127848872782101
2010-08,2009-10,2010-10,Copper return lag 2,60,0.37440527221604114,0.003207367420437397,-0.026507540095102998,0.7569186506503273,-0.05121638610064494,-0.06527417795358934,0.02511683755876737,-1.0,0.0,-0.02511683755876737
2010-09,2009-10,2010-10,Copper return lag 2,60,0.37440527221604114,0.003207367420437397,-0.026507540095102998,0.7569186506503273,0.03759375691685207,0.0019478756632770808,0.18564220948686705,1.0,2.0,0.18164220948686705
2010-10,2009-10,2010-10,Copper return lag 2,60,0.37440527221604114,0.003207367420437397,-0.026507540095102998,0.7569186506503273,0.07861290182727565,0.03299603147970513,0.004040653023325458,1.0,0.0,0.004040653023325458
2010-11,2010-10,2011-10,Copper return lag 2,72,0.2954208302369493,0.01175680432969655,-0.020058993644496474,0.6131318096255628,0.05681636044757887,0.014776924253065808,0.024815824542610887,1.0,0.0,0.024815824542610887
2010-12,2010-10,2011-10,Copper return lag 2,72,0.2954208302369493,0.01175680432969655,-0.020058993644496474,0.6131318096255628,0.06996530925720101,0.022838963031383323,0.05238688861657215,1.0,0.0,0.05238688861657215
2011-01,2010-10,2011-10,Copper return lag 2,72,0.2954208302369493,0.01175680432969655,-0.020058993644496474,0.6131318096255628,0.020141200727435304,-0.007709782794452365,0.03948746359035704,-1.0,2.0,-0.043487463590357045
2011-02,2010-10,2011-10,Copper return lag 2,72,0.2954208302369493,0.01175680432969655,-0.020058993644496474,0.6131318096255628,0.0789036379100363,0.028319336653324235,-0.14288081002558162,1.0,2.0,-0.14688081002558162
2011-03,2010-10,2011-10,Copper return lag 2,72,0.2954208302369493,0.01175680432969655,-0.020058993644496474,0.6131318096255628,0.0407143564502892,0.004904273403609549,0.09088813420504716,1.0,0.0,0.09088813420504716
2011-04,2010-10,2011-10,Copper return lag 2,72,0.2954208302369493,0.01175680432969655,-0.020058993644496474,0.6131318096255628,0.035826952876194085,0.0019076508058541684,0.06990943201161182,1.0,0.0,0.06990943201161182
2011-05,2010-10,2011-10,Copper return lag 2,72,0.2954208302369493,0.01175680432969655,-0.020058993644496474,0.6131318096255628,-0.038962112887832134,-0.04394790442624845,-0.1034217421215069,-1.0,2.0,0.0994217421215069
2011-06,2010-10,2011-10,Copper return lag 2,72,0.2954208302369493,0.01175680432969655,-0.020058993644496474,0.6131318096255628,-0.0021709244454921617,-0.021390056478321456,-0.0106837590835136,-1.0,0.0,0.0106837590835136
2011-07,2010-10,2011-10,Copper return lag 2,72,0.2954208302369493,0.01175680432969655,-0.020058993644496474,0.6131318096255628,-0.059870411300616766,-0.05676744726827038,-0.01017808217227234,-1.0,0.0,0.01017808217227234
2011-08,2010-10,2011-10,Copper return lag 2,72,0.2954208302369493,0.01175680432969655,-0.020058993644496474,0.6131318096255628,0.015021208392834495,-0.010849012959835168,-0.20140289554851876,-1.0,0.0,0.20140289554851876
2011-09,2010-10,2011-10,Copper return lag 2,72,0.2954208302369493,0.01175680432969655,-0.020058993644496474,0.6131318096255628,0.06238087102178369,0.018188702691108588,-0.16310720782563415,1.0,2.0,-0.16710720782563415
2011-10,2010-10,2011-10,Copper return lag 2,72,0.2954208302369493,0.01175680432969655,-0.020058993644496474,0.6131318096255628,-0.07000495919150218,-0.06298126095634587,0.05055929333496634,-1.0,2.0,-0.05455929333496634
2011-11,2011-10,2012-10,Copper return lag 3,84,0.30313752249991,0.005063798393935239,-0.023182004553289424,0.6314490585666209,-0.07000495919150218,-0.0673865701297582,-0.08388587412395188,-1.0,0.0,0.08388587412395188
2011-12,2011-10,2012-10,Copper return lag 3,84,0.30313752249991,0.005063798393935239,-0.023182004553289424,0.6314490585666209,-0.08072912348990435,-0.07415833357989801,-0.027061542694407414,-1.0,0.0,0.027061542694407414
2012-01,2011-10,2012-10,Copper return lag 3,84,0.30313752249991,0.005063798393935239,-0.023182004553289424,0.6314490585666209,-0.11557732292576972,-0.09616319630641705,0.10002207986849543,-1.0,0.0,-0.10002207986849543
2012-02,2011-10,2012-10,Copper return lag 3,84,0.30313752249991,0.005063798393935239,-0.023182004553289424,0.6314490585666209,0.02495349389950796,-0.007425144322497204,-0.22884141232199484,-1.0,0.0,0.22884141232199484
2012-03,2011-10,2012-10,Copper return lag 3,84,0.30313752249991,0.005063798393935239,-0.023182004553289424,0.6314490585666209,-0.002925745400712998,-0.025029463732175267,-0.05520374135180006,-1.0,0.0,0.05520374135180006
2012-04,2011-10,2012-10,Copper return lag 3,84,0.30313752249991,0.005063798393935239,-0.023182004553289424,0.6314490585666209,0.06442895848881669,0.017501600628901774,-0.10459421100488564,1.0,2.0,-0.10859421100488564
2012-05,2011-10,2012-10,Copper return lag 3,84,0.30313752249991,0.005063798393935239,-0.023182004553289424,0.6314490585666209,0.04600727958473172,0.005869248827700738,-0.13620751802609266,1.0,0.0,-0.13620751802609266
2012-06,2011-10,2012-10,Copper return lag 3,84,0.30313752249991,0.005063798393935239,-0.023182004553289424,0.6314490585666209,0.0034644694279695187,-0.02099436859456523,0.032491344870660965,-1.0,2.0,-0.03649134487066097
2012-07,2011-10,2012-10,Copper return lag 3,84,0.30313752249991,0.005063798393935239,-0.023182004553289424,0.6314490585666209,-0.022112901887547665,-0.037145175632357454,-0.04398424028177517,-1.0,0.0,0.04398424028177517
2012-08,2011-10,2012-10,Copper return lag 3,84,0.30313752249991,0.005063798393935239,-0.023182004553289424,0.6314490585666209,-0.048038746610634675,-0.05351602587529514,0.018994775994873203,-1.0,0.0,-0.018994775994873203
2012-09,2011-10,2012-10,Copper return lag 3,84,0.30313752249991,0.005063798393935239,-0.023182004553289424,0.6314490585666209,-0.06117581525753124,-0.06181141550470305,0.0317249918346878,-1.0,0.0,-0.0317249918346878
2012-10,2011-10,2012-10,Copper return lag 3,84,0.30313752249991,0.005063798393935239,-0.023182004553289424,0.6314490585666209,0.020779613523497886,-0.010060737156498458,-0.06348516603165555,-1.0,0.0,0.06348516603165555
2012-11,2012-10,2013-10,Copper return lag 3,96,0.2721512600309016,0.0073089770579128415,-0.02376837961445469,0.5573241185644799,-0.009782263648544287,-0.02922027107994499,0.07887846057739445,-1.0,0.0,-0.07887846057739445
2012-12,2012-10,2013-10,Copper return lag 3,96,0.2721512600309016,0.0073089770579128415,-0.02376837961445469,0.5573241185644799,0.07405668070638782,0.017505194684044028,0.09228871370852687,1.0,2.0,0.08828871370852687
2013-01,2012-10,2013-10,Copper return lag 3,96,0.2721512600309016,0.0073089770579128415,-0.02376837961445469,0.5573241185644799,-0.003183934494527918,-0.025542863100184506,-0.00777354395015406,-1.0,2.0,0.0037735439501540603
2013-02,2012-10,2013-10,Copper return lag 3,96,0.2721512600309016,0.0073089770579128415,-0.02376837961445469,0.5573241185644799,-0.04448835517740335,-0.04856281295008453,-0.0413882485503394,-1.0,0.0,0.0413882485503394
2013-03,2012-10,2013-10,Copper return lag 3,96,0.2721512600309016,0.0073089770579128415,-0.02376837961445469,0.5573241185644799,0.03256624364431282,-0.005618426580431952,0.06644382128951909,-1.0,0.0,-0.06644382128951909
2013-04,2012-10,2013-10,Copper return lag 3,96,0.2721512600309016,0.0073089770579128415,-0.02376837961445469,0.5573241185644799,0.010892812601236201,-0.017697552432782666,-0.014644158214503822,-1.0,0.0,0.014644158214503822
2013-05,2012-10,2013-10,Copper return lag 3,96,0.2721512600309016,0.0073089770579128415,-0.02376837961445469,0.5573241185644799,0.0008919037064529789,-0.023271300167411392,0.09131259037380435,-1.0,0.0,-0.09131259037380435
2013-06,2012-10,2013-10,Copper return lag 3,96,0.2721512600309016,0.0073089770579128415,-0.02376837961445469,0.5573241185644799,-0.05201225702879064,-0.05275606491757461,0.07832970221230884,-1.0,0.0,-0.07832970221230884
2013-07,2012-10,2013-10,Copper return lag 3,96,0.2721512600309016,0.0073089770579128415,-0.02376837961445469,0.5573241185644799,-0.058000188578327894,-0.056093283590444895,-0.03941685730853095,-1.0,0.0,0.03941685730853095
2013-08,2012-10,2013-10,Copper return lag 3,96,0.2721512600309016,0.0073089770579128415,-0.02376837961445469,0.5573241185644799,0.003808244644032399,-0.021645953024941433,0.19981038200907753,-1.0,0.0,-0.19981038200907753
2013-09,2012-10,2013-10,Copper return lag 3,96,0.2721512600309016,0.0073089770579128415,-0.02376837961445469,0.5573241185644799,-0.03488003618734581,-0.043207865038064355,0.08952632340115763,-1.0,0.0,-0.08952632340115763
2013-10,2012-10,2013-10,Copper return lag 3,96,0.2721512600309016,0.0073089770579128415,-0.02376837961445469,0.5573241185644799,-0.01346062048516039,-0.03127030806167769,-0.13907414929027917,-1.0,0.0,0.13907414929027917
2013-11,2013-10,2014-10,Copper return lag 3,108,0.26380450605775946,0.0058034884780288195,-0.01632536380946302,0.5437536121197307,0.039686021389343296,0.00525405367165329,-0.03221445151798141,1.0,2.0,-0.036214451517981416
2013-12,2013-10,2014-10,Copper return lag 3,108,0.26380450605775946,0.0058034884780288195,-0.01632536380946302,0.5437536121197307,-0.003761590515537705,-0.018370742239601966,-0.055434405177757995,-1.0,2.0,0.05143440517775799
2014-01,2013-10,2014-10,Copper return lag 3,108,0.26380450605775946,0.0058034884780288195,-0.01632536380946302,0.5437536121197307,0.006092736528989562,-0.013012416314131116,0.057490247309904596,-1.0,0.0,-0.057490247309904596
2014-02,2013-10,2014-10,Copper return lag 3,108,0.26380450605775946,0.0058034884780288195,-0.01632536380946302,0.5437536121197307,-0.018547537046549323,-0.026410654074448738,0.07682872250648298,-1.0,0.0,-0.07682872250648298
2014-03,2013-10,2014-10,Copper return lag 3,108,0.26380450605775946,0.0058034884780288195,-0.01632536380946302,0.5437536121197307,0.02019524519365845,-0.005344126287767606,-0.013368433318643458,-1.0,0.0,0.013368433318643458
2014-04,2013-10,2014-10,Copper return lag 3,108,0.26380450605775946,0.0058034884780288195,-0.01632536380946302,0.5437536121197307,0.010556278613085723,-0.010585349183055396,0.11077973938132768,-1.0,0.0,-0.11077973938132768
2014-05,2013-10,2014-10,Copper return lag 3,108,0.26380450605775946,0.0058034884780288195,-0.01632536380946302,0.5437536121197307,-0.019702399949073524,-0.027038614949199347,-0.09919864601525452,-1.0,0.0,0.09919864601525452
2014-06,2013-10,2014-10,Copper return lag 3,108,0.26380450605775946,0.0058034884780288195,-0.01632536380946302,0.5437536121197307,-0.07237998555731551,-0.055682242401427266,0.01466083909981375,-1.0,0.0,-0.01466083909981375
2014-07,2013-10,2014-10,Copper return lag 3,108,0.26380450605775946,0.0058034884780288195,-0.01632536380946302,0.5437536121197307,0.003531600066057905,-0.014405043516981755,-0.12018426528221804,-1.0,0.0,0.12018426528221804
2014-08,2013-10,2014-10,Copper return lag 3,108,0.26380450605775946,0.0058034884780288195,-0.01632536380946302,0.5437536121197307,0.032080526524252306,0.0011185383668020007,-0.006547567082423544,1.0,2.0,-0.010547567082423544
2014-09,2013-10,2014-10,Copper return lag 3,108,0.26380450605775946,0.0058034884780288195,-0.01632536380946302,0.5437536121197307,-0.01020731963545174,-0.021875630731300555,-0.16207938200964955,-1.0,2.0,0.15807938200964955
2014-10,2013-10,2014-10,Copper return lag 3,108,0.26380450605775946,0.0058034884780288195,-0.01632536380946302,0.5437536121197307,0.041950546578158665,0.006485397422807765,0.054494105468432696,1.0,2.0,0.05049410546843269
2014-11,2014-10,2015-10,Copper return lag 3,120,0.26096298145901065,0.0039913602941052005,-0.016256404139136843,0.540318914989049,-0.01580496414742072,-0.024796125218712026,-0.07991367104836788,-1.0,2.0,0.07591367104836788
2014-12,2014-10,2015-10,Copper return lag 3,120,0.26096298145901065,0.0039913602941052005,-0.016256404139136843,0.540318914989049,-0.01868601175117668,-0.026352809734005247,0.11913973393097166,-1.0,0.0,-0.11913973393097166
2015-01,2014-10,2015-10,Copper return lag 3,120,0.26096298145901065,0.0039913602941052005,-0.016256404139136843,0.540318914989049,-0.019800893214208415,-0.026955201276451957,-0.07937676540331484,-1.0,0.0,0.07937676540331484
2015-02,2014-10,2015-10,Copper return lag 3,120,0.26096298145901065,0.0039913602941052005,-0.016256404139136843,0.540318914989049,-0.00366210964016922,-0.018235111246484012,0.0065698663739679475,-1.0,0.0,-0.0065698663739679475
2015-03,2014-10,2015-10,Copper return lag 3,120,0.26096298145901065,0.0039913602941052005,-0.016256404139136843,0.540318914989049,-0.04049363896761449,-0.03813588321007658,0.058881387024041665,-1.0,0.0,-0.058881387024041665
2015-04,2014-10,2015-10,Copper return lag 3,120,0.26096298145901065,0.0039913602941052005,-0.016256404139136843,0.540318914989049,-0.10042107565137215,-0.07051581077711946,-0.10146487127300752,-1.0,0.0,0.10146487127300752
2015-05,2014-10,2015-10,Copper return lag 3,120,0.26096298145901065,0.0039913602941052005,-0.016256404139136843,0.540318914989049,-0.01751988971286167,-0.025722731939518063,-0.10653964550448203,-1.0,0.0,0.10653964550448203
2015-06,2014-10,2015-10,Copper return lag 3,120,0.26096298145901065,0.0039913602941052005,-0.016256404139136843,0.540318914989049,0.03606465713196805,0.003230012271860202,-0.016603293335591296,1.0,2.0,-0.020603293335591296
2015-07,2014-10,2015-10,Copper return lag 3,120,0.26096298145901065,0.0039913602941052005,-0.016256404139136843,0.540318914989049,0.01709591201645111,-0.007019159507659734,-0.07988014328853765,-1.0,2.0,0.07588014328853765
2015-08,2014-10,2015-10,Copper return lag 3,120,0.26096298145901065,0.0039913602941052005,-0.016256404139136843,0.540318914989049,0.0409705684142061,0.0058807689329116,-0.06881308172791556,1.0,2.0,-0.07281308172791556
2015-09,2014-10,2015-10,Copper return lag 3,120,0.26096298145901065,0.0039913602941052005,-0.016256404139136843,0.540318914989049,-0.07618673730056535,-0.05742153937393403,-0.08971095046133293,-1.0,2.0,0.08571095046133292
2015-10,2014-10,2015-10,Copper return lag 3,120,0.26096298145901065,0.0039913602941052005,-0.016256404139136843,0.540318914989049,-0.06668002149582541,-0.0522848810052077,-0.020039233045526572,-1.0,0.0,0.020039233045526572
2015-11,2015-10,2016-10,Copper return lag 3,132,0.26091312185285026,0.002513834000930855,-0.01713297875679105,0.5347017860839918,-0.06227416959661625,-0.050431088466999174,0.11134299605005094,-1.0,0.0,-0.11134299605005094
2015-12,2015-10,2016-10,Copper return lag 3,132,0.26091312185285026,0.002513834000930855,-0.01713297875679105,0.5347017860839918,0.01739123831237066,-0.007833852568954112,-0.013513174050645116,-1.0,0.0,0.013513174050645116
2016-01,2015-10,2016-10,Copper return lag 3,132,0.26091312185285026,0.002513834000930855,-0.01713297875679105,0.5347017860839918,-0.00022218979020394158,-0.017251784034462724,-0.29228205139910957,-1.0,0.0,0.29228205139910957
2016-02,2015-10,2016-10,Copper return lag 3,132,0.26091312185285026,0.002513834000930855,-0.01713297875679105,0.5347017860839918,-0.0831521769154353,-0.06159459627024638,0.390596603838135,-1.0,0.0,-0.390596603838135
2016-03,2015-10,2016-10,Copper return lag 3,132,0.26091312185285026,0.002513834000930855,-0.01713297875679105,0.5347017860839918,-0.03413317860613674,-0.03538405032221626,0.08966382359114755,-1.0,0.0,-0.08966382359114755
2016-04,2015-10,2016-10,Copper return lag 3,132,0.26091312185285026,0.002513834000930855,-0.01713297875679105,0.5347017860839918,-0.036674681006328314,-0.03674299619493544,-0.022269672355427872,-1.0,0.0,0.022269672355427872
2016-05,2015-10,2016-10,Copper return lag 3,132,0.26091312185285026,0.002513834000930855,-0.01713297875679105,0.5347017860839918,0.02796783454985885,-0.0021785276700799494,-0.09475116814210471,-1.0,0.0,0.09475116814210471
2016-06,2015-10,2016-10,Copper return lag 3,132,0.26091312185285026,0.002513834000930855,-0.01713297875679105,0.5347017860839918,0.07439842681899833,0.02264799294516651,-0.12609243645061685,1.0,2.0,-0.13009243645061686
2016-07,2015-10,2016-10,Copper return lag 3,132,0.26091312185285026,0.002513834000930855,-0.01713297875679105,0.5347017860839918,-0.016498461889968397,-0.025954735796995823,0.051165581402421,-1.0,2.0,-0.055165581402421004
2016-08,2015-10,2016-10,Copper return lag 3,132,0.26091312185285026,0.002513834000930855,-0.01713297875679105,0.5347017860839918,-0.037256417557880894,-0.03705405176808095,0.1082180079373849,-1.0,0.0,-0.1082180079373849
2016-09,2015-10,2016-10,Copper return lag 3,132,0.26091312185285026,0.002513834000930855,-0.01713297875679105,0.5347017860839918,-0.011261634943590337,-0.023154595075354698,0.10697415028594959,-1.0,0.0,-0.10697415028594959
2016-10,2015-10,2016-10,Copper return lag 3,132,0.26091312185285026,0.002513834000930855,-0.01713297875679105,0.5347017860839918,0.046909175458441865,0.00794944114456517,-0.062342859152855645,1.0,2.0,-0.06634285915285565
2016-11,2016-10,2017-10,Copper return lag 2,144,0.21899366385090263,0.008361546216752358,-0.013185370768778858,0.4626211028328337,-0.006220475593028851,-0.01606309404777059,0.0343377100728266,-1.0,2.0,-0.0383377100728266
2016-12,2016-10,2017-10,Copper return lag 2,144,0.21899366385090263,0.008361546216752358,-0.013185370768778858,0.4626211028328337,0.0019161991268443757,-0.0122988966154708,0.22331566818713044,-1.0,0.0,-0.22331566818713044
2017-01,2016-10,2017-10,Copper return lag 2,144,0.21899366385090263,0.008361546216752358,-0.013185370768778858,0.4626211028328337,0.1415946154751513,0.05231928639752664,-0.10902788480469638,1.0,2.0,-0.11302788480469639
2017-02,2016-10,2017-10,Copper return lag 2,144,0.21899366385090263,0.008361546216752358,-0.013185370768778858,0.4626211028328337,0.037699157885432655,0.004255055228049115,-0.21939130097712667,1.0,0.0,-0.21939130097712667
2017-03,2016-10,2017-10,Copper return lag 2,144,0.21899366385090263,0.008361546216752358,-0.013185370768778858,0.4626211028328337,0.016506773485515325,-0.0055489890146979805,0.07531005500494281,-1.0,2.0,-0.07931005500494281
2017-04,2016-10,2017-10,Copper return lag 2,144,0.21899366385090263,0.008361546216752358,-0.013185370768778858,0.4626211028328337,0.03187023986032145,0.0015584747429499852,-0.018107747982818445,1.0,2.0,-0.022107747982818445
2017-05,2016-10,2017-10,Copper return lag 2,144,0.21899366385090263,0.008361546216752358,-0.013185370768778858,0.4626211028328337,-0.01976718833834923,-0.022330089237770308,0.21407573187472284,-1.0,2.0,-0.21807573187472284
2017-06,2016-10,2017-10,Copper return lag 2,144,0.21899366385090263,0.008361546216752358,-0.013185370768778858,0.4626211028328337,-0.02445744722095,-0.02449990197461057,0.08360073080968844,-1.0,0.0,-0.08360073080968844
2017-07,2016-10,2017-10,Copper return lag 2,144,0.21899366385090263,0.008361546216752358,-0.013185370768778858,0.4626211028328337,-0.014950167360666455,-0.02010163368070581,-0.03863898359362583,-1.0,0.0,0.03863898359362583
2017-08,2016-10,2017-10,Copper return lag 2,144,0.21899366385090263,0.008361546216752358,-0.013185370768778858,0.4626211028328337,0.02123914669248883,-0.0033596933026713433,-0.009086307532164106,-1.0,0.0,0.009086307532164106
2017-09,2016-10,2017-10,Copper return lag 2,144,0.21899366385090263,0.008361546216752358,-0.013185370768778858,0.4626211028328337,0.04534914493202358,0.007794100672199902,0.16059233400237405,1.0,2.0,0.15659233400237405
2017-10,2016-10,2017-10,Copper return lag 2,144,0.21899366385090263,0.008361546216752358,-0.013185370768778858,0.4626211028328337,0.08031195956795756,0.023968636537215617,0.06609878138850123,1.0,0.0,0.06609878138850123
2017-11,2017-10,2018-10,Copper return lag 1,156,0.22441469597570168,0.004856353171798211,-0.010191075111463185,0.4788655209570694,0.03443591415743974,0.0062990968611721185,0.05412836152942946,1.0,0.0,0.05412836152942946
2017-12,2017-10,2018-10,Copper return lag 1,156,0.22441469597570168,0.004856353171798211,-0.010191075111463185,0.4788655209570694,0.002778786673944822,-0.008860409983216036,-0.1324109213440101,-1.0,2.0,0.1284109213440101
2018-01,2017-10,2018-10,Copper return lag 1,156,0.22441469597570168,0.004856353171798211,-0.010191075111463185,0.4788655209570694,0.0010759950488772319,-0.009675818181835362,0.09008615790195496,-1.0,0.0,-0.09008615790195496
2018-02,2017-10,2018-10,Copper return lag 1,156,0.22441469597570168,0.004856353171798211,-0.010191075111463185,0.4788655209570694,0.033378891230698926,0.005792925026694812,0.021935156936778277,1.0,2.0,0.017935156936778277
2018-03,2017-10,2018-10,Copper return lag 1,156,0.22441469597570168,0.004856353171798211,-0.010191075111463185,0.4788655209570694,-0.008431784206230475,-0.014228765847977332,-0.05206404923911867,-1.0,2.0,0.04806404923911867
2018-04,2017-10,2018-10,Copper return lag 1,156,0.22441469597570168,0.004856353171798211,-0.010191075111463185,0.4788655209570694,-0.030040051171061677,-0.024576219865070657,-0.21188536764013755,-1.0,0.0,0.21188536764013755
2018-05,2017-10,2018-10,Copper return lag 1,156,0.22441469597570168,0.004856353171798211,-0.010191075111463185,0.4788655209570694,0.007667624254436234,-0.006519314228359517,0.02144403769121217,-1.0,0.0,-0.02144403769121217
2018-06,2017-10,2018-10,Copper return lag 1,156,0.22441469597570168,0.004856353171798211,-0.010191075111463185,0.4788655209570694,-0.00383697194262389,-0.012028468679665432,0.012539218467543467,-1.0,0.0,-0.012539218467543467
2018-07,2017-10,2018-10,Copper return lag 1,156,0.22441469597570168,0.004856353171798211,-0.010191075111463185,0.4788655209570694,0.020388205083234467,-0.0004278666629005407,-0.08120229107910415,-1.0,0.0,0.08120229107910415
2018-08,2017-10,2018-10,Copper return lag 1,156,0.22441469597570168,0.004856353171798211,-0.010191075111463185,0.4788655209570694,-0.10831920741219037,-0.06206140879855858,-0.0664099518946033,-1.0,0.0,0.0664099518946033
2018-09,2017-10,2018-10,Copper return lag 1,156,0.22441469597570168,0.004856353171798211,-0.010191075111463185,0.4788655209570694,-0.03247039703054355,-0.025740028701177302,-0.1244007309338575,-1.0,0.0,0.1244007309338575
2018-10,2017-10,2018-10,Copper return lag 1,156,0.22441469597570168,0.004856353171798211,-0.010191075111463185,0.4788655209570694,-4.676235923994909e-05,-0.010213467992981805,-0.06403489011579566,-1.0,0.0,0.06403489011579566
2018-11,2018-10,2019-10,Aluminum return lag 1,168,0.23099757946536145,0.0025904664884315812,-0.010927562277246363,0.6685856773681903,0.0016745204740677977,-0.009808001871824842,-0.01530952945474695,-1.0,0.0,0.01530952945474695
2018-12,2018-10,2019-10,Aluminum return lag 1,168,0.23099757946536145,0.0025904664884315812,-0.010927562277246363,0.6685856773681903,-0.0460458423891108,-0.041713153000958944,-0.09032542373321428,-1.0,0.0,0.09032542373321428
2019-01,2018-10,2019-10,Aluminum return lag 1,168,0.23099757946536145,0.0025904664884315812,-0.010927562277246363,0.6685856773681903,-0.009396434859924696,-0.017209884042915194,0.2255807839066133,-1.0,0.0,-0.2255807839066133
2019-02,2018-10,2019-10,Aluminum return lag 1,168,0.23099757946536145,0.0025904664884315812,-0.010927562277246363,0.6685856773681903,-0.035331681268801596,-0.03454981833090508,-0.004927515303443819,-1.0,0.0,0.004927515303443819
2019-03,2018-10,2019-10,Aluminum return lag 1,168,0.23099757946536145,0.0025904664884315812,-0.010927562277246363,0.6685856773681903,0.004989157928792842,-0.007591882743927523,-0.09386355089635545,-1.0,0.0,0.09386355089635545
2019-04,2018-10,2019-10,Aluminum return lag 1,168,0.23099757946536145,0.0025904664884315812,-0.010927562277246363,0.6685856773681903,0.004406188790153642,-0.007981647560369363,0.024183001780279323,-1.0,0.0,-0.024183001780279323
2019-05,2018-10,2019-10,Aluminum return lag 1,168,0.23099757946536145,0.0025904664884315812,-0.010927562277246363,0.6685856773681903,-0.013877967509941413,-0.020206172585374278,-0.0747121073258259,-1.0,0.0,0.0747121073258259
2019-06,2018-10,2019-10,Aluminum return lag 1,168,0.23099757946536145,0.0025904664884315812,-0.010927562277246363,0.6685856773681903,-0.03538755488140044,-0.034587174628031486,0.04519460739022918,-1.0,0.0,-0.04519460739022918
2019-07,2018-10,2019-10,Aluminum return lag 1,168,0.23099757946536145,0.0025904664884315812,-0.010927562277246363,0.6685856773681903,-0.0143120273841566,-0.020496378800394795,-0.05711026543558617,-1.0,0.0,0.05711026543558617
2019-08,2018-10,2019-10,Aluminum return lag 1,168,0.23099757946536145,0.0025904664884315812,-0.010927562277246363,0.6685856773681903,0.02310253805113316,0.00451846377459489,-0.2786017988281664,1.0,2.0,-0.2826017988281664
2019-09,2018-10,2019-10,Aluminum return lag 1,168,0.23099757946536145,0.0025904664884315812,-0.010927562277246363,0.6685856773681903,-0.031837538272326604,-0.03221368436878553,0.09294695945753784,-1.0,2.0,-0.09694695945753784
2019-10,2018-10,2019-10,Aluminum return lag 1,168,0.23099757946536145,0.0025904664884315812,-0.010927562277246363,0.6685856773681903,0.007345558935607954,-0.006016426780634956,-0.016600723709775167,-1.0,0.0,0.016600723709775167
2019-11,2019-10,2020-10,Aluminum return lag 1,180,0.21835371470961168,0.0032323570524098273,-0.011012690346731194,0.6402024182811703,-0.01583917755979858,-0.021152970124099092,-0.46762085888899607,-1.0,0.0,0.46762085888899607
2019-12,2019-10,2020-10,Aluminum return lag 1,180,0.21835371470961168,0.0032323570524098273,-0.011012690346731194,0.6402024182811703,0.02789828913547776,0.006847861823708969,0.013304363322983459,1.0,2.0,0.009304363322983459
2020-01,2019-10,2020-10,Aluminum return lag 1,180,0.21835371470961168,0.0032323570524098273,-0.011012690346731194,0.6402024182811703,-0.001920787468609575,-0.012242383129139212,-0.09062963912877531,-1.0,2.0,0.0866296391287753
2020-02,2019-10,2020-10,Aluminum return lag 1,180,0.21835371470961168,0.0032323570524098273,-0.011012690346731194,0.6402024182811703,0.0009653961156228519,-0.010394641418910196,0.14184394572124925,-1.0,0.0,-0.14184394572124925
2020-03,2019-10,2020-10,Aluminum return lag 1,180,0.21835371470961168,0.0032323570524098273,-0.011012690346731194,0.6402024182811703,-0.04912362572956486,-0.04246175433353773,-0.6916530936171867,-1.0,0.0,0.6916530936171867
2020-04,2019-10,2020-10,Aluminum return lag 1,180,0.21835371470961168,0.0032323570524098273,-0.011012690346731194,0.6402024182811703,-0.04681328857782674,-0.04098267090195016,0.23435726754748543,-1.0,0.0,-0.23435726754748543
2020-05,2019-10,2020-10,Aluminum return lag 1,180,0.21835371470961168,0.0032323570524098273,-0.011012690346731194,0.6402024182811703,-0.09839581393298236,-0.07400592837537057,0.09799464055882745,-1.0,0.0,-0.09799464055882745
2020-06,2019-10,2020-10,Aluminum return lag 1,180,0.21835371470961168,0.0032323570524098273,-0.011012690346731194,0.6402024182811703,0.004399464141020992,-0.008196142764508264,0.018093147147053124,-1.0,0.0,-0.018093147147053124
2020-07,2019-10,2020-10,Aluminum return lag 1,180,0.21835371470961168,0.0032323570524098273,-0.011012690346731194,0.6402024182811703,0.06737363022095089,0.0321200706491029,-0.07182207041324662,1.0,2.0,-0.07582207041324662
2020-08,2019-10,2020-10,Aluminum return lag 1,180,0.21835371470961168,0.0032323570524098273,-0.011012690346731194,0.6402024182811703,0.046853374600258846,0.01898295337698808,0.15125344855055056,1.0,0.0,0.15125344855055056
2020-09,2019-10,2020-10,Aluminum return lag 1,180,0.21835371470961168,0.0032323570524098273,-0.011012690346731194,0.6402024182811703,0.056036404721240274,0.02486195146758922,-0.03776196278168742,1.0,0.0,-0.03776196278168742
2020-10,2019-10,2020-10,Aluminum return lag 1,180,0.21835371470961168,0.0032323570524098273,-0.011012690346731194,0.6402024182811703,0.0029975973511611187,-0.009093621273484617,0.04896619361404819,-1.0,2.0,-0.052966193614048196
2020-11,2020-10,2021-10,Aluminum return lag 1,192,0.2083597337187563,0.0037296853916201182,-0.013710813641619697,0.651399462829264,0.03511878840162197,0.009165546258411442,0.43104048870135414,1.0,2.0,0.42704048870135414
2020-12,2020-10,2021-10,Aluminum return lag 1,192,0.2083597337187563,0.0037296853916201182,-0.013710813641619697,0.651399462829264,0.06908291012141632,0.031289756902153215,0.10779624435670865,1.0,0.0,0.10779624435670865
2021-01,2020-10,2021-10,Aluminum return lag 1,192,0.2083597337187563,0.0037296853916201182,-0.013710813641619697,0.651399462829264,0.04020261446225337,0.01247714782342415,0.009446217918681388,1.0,0.0,0.009446217918681388
2021-02,2020-10,2021-10,Aluminum return lag 1,192,0.2083597337187563,0.0037296853916201182,-0.013710813641619697,0.651399462829264,-0.005323398121110934,-0.017178472318137673,0.07258157301114476,-1.0,2.0,-0.07658157301114477
2021-03,2020-10,2021-10,Aluminum return lag 1,192,0.2083597337187563,0.0037296853916201182,-0.013710813641619697,0.651399462829264,0.03655850546352912,0.010103377179163885,0.02174083732941945,1.0,2.0,0.01774083732941945
2021-04,2020-10,2021-10,Aluminum return lag 1,192,0.2083597337187563,0.0037296853916201182,-0.013710813641619697,0.651399462829264,0.05243042575557677,0.02044233753147262,0.04578107399197151,1.0,0.0,0.04578107399197151
2021-05,2020-10,2021-10,Aluminum return lag 1,192,0.2083597337187563,0.0037296853916201182,-0.013710813641619697,0.651399462829264,0.057183409122252726,0.023538428343361763,0.07084864093478638,1.0,0.0,0.07084864093478638
2021-06,2020-10,2021-10,Aluminum return lag 1,192,0.2083597337187563,0.0037296853916201182,-0.013710813641619697,0.651399462829264,0.04854966793393789,0.017914413971086583,-0.0774438823817376,1.0,0.0,-0.0774438823817376
2021-07,2020-10,2021-10,Aluminum return lag 1,192,0.2083597337187563,0.0037296853916201182,-0.013710813641619697,0.651399462829264,0.004862918242141134,-0.010543111310906333,-0.015715833100514942,-1.0,2.0,0.011715833100514942
2021-08,2020-10,2021-10,Aluminum return lag 1,192,0.2083597337187563,0.0037296853916201182,-0.013710813641619697,0.651399462829264,0.020626582007664318,-0.0002746692018233982,-0.32561206551173383,-1.0,0.0,0.32561206551173383
2021-09,2020-10,2021-10,Aluminum return lag 1,192,0.2083597337187563,0.0037296853916201182,-0.013710813641619697,0.651399462829264,0.04131704991881424,0.013203090481185783,-0.04253796389470743,1.0,2.0,-0.046537963894707435
2021-10,2020-10,2021-10,Aluminum return lag 1,192,0.2083597337187563,0.0037296853916201182,-0.013710813641619697,0.651399462829264,0.08522408376043966,0.0418041087400469,-0.0973703203198446,1.0,0.0,-0.0973703203198446
2021-11,2021-10,2022-10,Aluminum return lag 1,204,0.2055339610723944,0.003186751189371651,-0.01346478730807519,0.6482032764560197,0.034615293651969026,0.008972959452618393,-0.05187574327794886,1.0,0.0,-0.05187574327794886
2021-12,2021-10,2022-10,Aluminum return lag 1,204,0.2055339610723944,0.003186751189371651,-0.01346478730807519,0.6482032764560197,-0.10706671614271279,-0.08286578351116825,-0.06811056102208868,-1.0,2.0,0.06411056102208867
2022-01,2021-10,2022-10,Aluminum return lag 1,204,0.2055339610723944,0.003186751189371651,-0.01346478730807519,0.6482032764560197,0.022161198173398233,0.0009001739581127044,-0.04360792787736578,1.0,2.0,-0.047607927877365785
2022-02,2021-10,2022-10,Aluminum return lag 1,204,0.2055339610723944,0.003186751189371651,-0.01346478730807519,0.6482032764560197,0.10900842879780015,0.0571948333999816,0.12874295278567605,1.0,0.0,0.12874295278567605
2022-03,2021-10,2022-10,Aluminum return lag 1,204,0.2055339610723944,0.003186751189371651,-0.01346478730807519,0.6482032764560197,0.07675358129426968,0.03628713556660388,-0.14799960000348333,1.0,0.0,-0.14799960000348333
2022-04,2021-10,2022-10,Aluminum return lag 1,204,0.2055339610723944,0.003186751189371651,-0.01346478730807519,0.6482032764560197,0.07494063012300778,0.03511197467733714,-0.03961025918447536,1.0,0.0,-0.03961025918447536
2022-05,2021-10,2022-10,Aluminum return lag 1,204,0.2055339610723944,0.003186751189371651,-0.01346478730807519,0.6482032764560197,-0.074569455695082,-0.06180095281316934,0.4006755147842056,-1.0,2.0,-0.4046755147842056
2022-06,2021-10,2022-10,Aluminum return lag 1,204,0.2055339610723944,0.003186751189371651,-0.01346478730807519,0.6482032764560197,-0.13409865871969195,-0.10038797725853713,-0.025194696409729378,-1.0,0.0,0.025194696409729378
2022-07,2021-10,2022-10,Aluminum return lag 1,204,0.2055339610723944,0.003186751189371651,-0.01346478730807519,0.6482032764560197,-0.0975203833170788,-0.07667781929545264,0.13181847780771738,-1.0,0.0,-0.13181847780771738
2022-08,2021-10,2022-10,Aluminum return lag 1,204,0.2055339610723944,0.003186751189371651,-0.01346478730807519,0.6482032764560197,-0.0671372030948687,-0.05698334232626231,0.1742359144777592,-1.0,0.0,-0.1742359144777592
2022-09,2021-10,2022-10,Aluminum return lag 1,204,0.2055339610723944,0.003186751189371651,-0.01346478730807519,0.6482032764560197,0.010529203729613634,-0.006639722952066689,-0.04529118810400101,-1.0,0.0,0.04529118810400101
2022-10,2021-10,2022-10,Aluminum return lag 1,204,0.2055339610723944,0.003186751189371651,-0.01346478730807519,0.6482032764560197,-0.08985431278302691,-0.07170864725773725,0.24745271188867202,-1.0,0.0,-0.24745271188867202
2022-11,2022-10,2023-10,Copper return lag 2,216,0.18057237146157526,0.007805562990022478,-0.010227410957105058,0.4290615357417765,-0.03111435528810169,-0.023577384020633235,0.11256638763495674,-1.0,0.0,-0.11256638763495674
2022-12,2022-10,2023-10,Copper return lag 2,216,0.18057237146157526,0.007805562990022478,-0.010227410957105058,0.4290615357417765,-0.012330860349813122,-0.015518108835813255,5.9496431092931346e-05,-1.0,0.0,-5.9496431092931346e-05
2023-01,2022-10,2023-10,Copper return lag 2,216,0.18057237146157526,0.007805562990022478,-0.010227410957105058,0.4290615357417765,0.050807681599136956,0.011572210937299845,0.12376320541811836,1.0,2.0,0.11976320541811836
2023-02,2022-10,2023-10,Copper return lag 2,216,0.18057237146157526,0.007805562990022478,-0.010227410957105058,0.4290615357417765,0.0391293965484234,0.0065615080186104575,0.04699708888651433,1.0,0.0,0.04699708888651433
2023-03,2022-10,2023-10,Copper return lag 2,216,0.18057237146157526,0.007805562990022478,-0.010227410957105058,0.4290615357417765,0.07325624107925144,0.021204024343028382,-0.08992480043571538,1.0,0.0,-0.08992480043571538
2023-04,2022-10,2023-10,Copper return lag 2,216,0.18057237146157526,0.007805562990022478,-0.010227410957105058,0.4290615357417765,-0.007886758045408726,-0.013611315476091937,-0.113286985934137,-1.0,2.0,0.109286985934137
2023-05,2022-10,2023-10,Copper return lag 2,216,0.18057237146157526,0.007805562990022478,-0.010227410957105058,0.4290615357417765,-0.009023451459562182,-0.014099026898036182,0.26168728170389866,-1.0,0.0,-0.26168728170389866
2023-06,2022-10,2023-10,Copper return lag 2,216,0.18057237146157526,0.007805562990022478,-0.010227410957105058,0.4290615357417765,-0.005338492087046731,-0.01251795257051865,0.13151399566008593,-1.0,0.0,-0.13151399566008593
2023-07,2022-10,2023-10,Copper return lag 2,216,0.18057237146157526,0.007805562990022478,-0.010227410957105058,0.4290615357417765,-0.06640851455974506,-0.0387207502004394,0.09661727672710851,-1.0,0.0,-0.09661727672710851
2023-08,2022-10,2023-10,Copper return lag 2,216,0.18057237146157526,0.007805562990022478,-0.010227410957105058,0.4290615357417765,0.01843377277044489,-0.0023181881027030306,0.2530685062432707,-1.0,0.0,-0.2530685062432707
2023-09,2022-10,2023-10,Copper return lag 2,216,0.18057237146157526,0.007805562990022478,-0.010227410957105058,0.4290615357417765,0.00950168773695026,-0.006150602224550375,0.012686691161567065,-1.0,0.0,-0.012686691161567065
2023-10,2022-10,2023-10,Copper return lag 2,216,0.18057237146157526,0.007805562990022478,-0.010227410957105058,0.4290615357417765,-0.015317334841689956,-0.01679949016775157,-0.12494340315229158,-1.0,0.0,0.12494340315229158
2023-11,2023-10,2024-10,Copper return lag 2,228,0.17246679880804805,0.009068503731060766,-0.00658777019467776,0.41507619524201067,-0.008555409804714031,-0.010138917145154653,0.13218312059779924,-1.0,0.0,-0.13218312059779924
2023-12,2023-10,2024-10,Copper return lag 2,228,0.17246679880804805,0.009068503731060766,-0.00658777019467776,0.41507619524201067,-0.04136197662402452,-0.023756142079466844,0.152840792146002,-1.0,0.0,-0.152840792146002
2024-01,2023-10,2024-10,Copper return lag 2,228,0.17246679880804805,0.009068503731060766,-0.00658777019467776,0.41507619524201067,0.030779527961087183,0.00618807916275539,0.1302770292648754,1.0,2.0,0.12627702926487538
2024-02,2023-10,2024-10,Copper return lag 2,228,0.17246679880804805,0.009068503731060766,-0.00658777019467776,0.41507619524201067,0.02630823865756149,0.004332153410821646,0.21030150315525376,1.0,0.0,0.21030150315525376
2024-03,2023-10,2024-10,Copper return lag 2,228,0.17246679880804805,0.009068503731060766,-0.00658777019467776,0.41507619524201067,-0.0067498437372979225,-0.009389469651633495,0.03021626586578474,-1.0,2.0,-0.034216265865784745
2024-04,2023-10,2024-10,Copper return lag 2,228,0.17246679880804805,0.009068503731060766,-0.00658777019467776,0.41507619524201067,-0.00557017305218821,-0.00889981643201962,0.01389318906305892,-1.0,0.0,-0.01389318906305892
2024-05,2023-10,2024-10,Copper return lag 2,228,0.17246679880804805,0.009068503731060766,-0.00658777019467776,0.41507619524201067,0.04564550809193513,0.012358593634011084,0.036372949287631684,1.0,2.0,0.03237294928763168
2024-06,2023-10,2024-10,Copper return lag 2,228,0.17246679880804805,0.009068503731060766,-0.00658777019467776,0.41507619524201067,0.08305106288855235,0.027884748999907505,-0.038710927890027946,1.0,0.0,-0.038710927890027946
2024-07,2023-10,2024-10,Copper return lag 2,228,0.17246679880804805,0.009068503731060766,-0.00658777019467776,0.41507619524201067,0.06868498496552178,0.021921732035065724,0.14869438093338516,1.0,0.0,0.14869438093338516
2024-08,2023-10,2024-10,Copper return lag 2,228,0.17246679880804805,0.009068503731060766,-0.00658777019467776,0.41507619524201067,-0.04746538673977341,-0.02628952232831349,0.009429798832900183,-1.0,2.0,-0.013429798832900183
2024-09,2023-10,2024-10,Copper return lag 2,228,0.17246679880804805,0.009068503731060766,-0.00658777019467776,0.41507619524201067,-0.027621923914832536,-0.018052973278510753,0.07071875641626235,-1.0,0.0,-0.07071875641626235
2024-10,2023-10,2024-10,Copper return lag 2,228,0.17246679880804805,0.009068503731060766,-0.00658777019467776,0.41507619524201067,-0.04402168212265245,-0.02486012251830158,-0.11107171769829716,-1.0,0.0,0.11107171769829716
2024-11,2024-10,2025-10,Copper return lag 2,240,0.1722164251218818,0.0074942476546013045,-0.0031145624390136436,0.4153170412754963,0.03048559438815701,0.009546624423800599,0.08445290035013198,1.0,2.0,0.08045290035013197
2024-12,2024-10,2025-10,Copper return lag 2,240,0.1722164251218818,0.0074942476546013045,-0.0031145624390136436,0.4153170412754963,0.029253507242056997,0.009034917635688772,-0.13040866358549685,1.0,0.0,-0.13040866358549685
2025-01,2024-10,2025-10,Copper return lag 2,240,0.1722164251218818,0.0074942476546013045,-0.0031145624390136436,0.4153170412754963,-0.04925994183897764,-0.023573055736980864,-0.15992259265613828,-1.0,2.0,0.15592259265613828
2025-02,2024-10,2025-10,Copper return lag 2,240,0.1722164251218818,0.0074942476546013045,-0.0031145624390136436,0.4153170412754963,-0.018439617532695962,-0.010772849834944698,-0.16932863119495156,-1.0,0.0,0.16932863119495156
2025-03,2024-10,2025-10,Copper return lag 2,240,0.1722164251218818,0.0074942476546013045,-0.0031145624390136436,0.4153170412754963,0.007466266578335379,-1.3694694325270748e-05,-0.0365725556454537,-1.0,0.0,0.0365725556454537
2025-04,2024-10,2025-10,Copper return lag 2,240,0.1722164251218818,0.0074942476546013045,-0.0031145624390136436,0.4153170412754963,0.038709359085743245,0.012962094046147992,0.07047391453729723,1.0,2.0,0.06647391453729723
2025-05,2024-10,2025-10,Copper return lag 2,240,0.1722164251218818,0.0074942476546013045,-0.0031145624390136436,0.4153170412754963,0.04247269880002946,0.014525073161599917,0.04539078516154049,1.0,0.0,0.04539078516154049
2025-06,2024-10,2025-10,Copper return lag 2,240,0.1722164251218818,0.0074942476546013045,-0.0031145624390136436,0.4153170412754963,-0.05958097447869726,-0.027859556475817043,0.0342396567737433,-1.0,2.0,-0.0382396567737433
2025-07,2024-10,2025-10,Copper return lag 2,240,0.1722164251218818,0.0074942476546013045,-0.0031145624390136436,0.4153170412754963,0.038339487944421435,0.012808480258081026,0.289183389182317,1.0,2.0,0.285183389182317
2025-08,2024-10,2025-10,Copper return lag 2,240,0.1722164251218818,0.0074942476546013045,-0.0031145624390136436,0.4153170412754963,0.0313836523101898,0.009919603182873278,-0.00871174945692399,1.0,0.0,-0.00871174945692399
2025-09,2024-10,2025-10,Copper return lag 2,240,0.1722164251218818,0.0074942476546013045,-0.0031145624390136436,0.4153170412754963,-0.00657850138690641,-0.005846726171050363,0.011110801198930709,-1.0,2.0,-0.015110801198930709
2025-10,2024-10,2025-10,Copper return lag 2,240,0.1722164251218818,0.0074942476546013045,-0.0031145624390136436,0.4153170412754963,-0.010153611019338982,-0.007331530125827785,0.051298619262152734,-1.0,0.0,-0.051298619262152734
2025-11,2025-10,2026-07,Copper return lag 2,252,0.17731885335648143,0.0047537748660360785,-0.0028421868284213402,0.4309778144842221,0.03284001135335046,0.011311129492282683,0.05464087689228503,1.0,2.0,0.050640876892285025
2025-12,2025-10,2026-07,Copper return lag 2,252,0.17731885335648143,0.0047537748660360785,-0.0028421868284213402,0.4309778144842221,0.0719052038018706,0.02814736075615143,-0.192068743214854,1.0,0.0,-0.192068743214854
2026-01,2025-10,2026-07,Copper return lag 2,252,0.17731885335648143,0.0047537748660360785,-0.0028421868284213402,0.4309778144842221,0.006691739794002061,4.180456309476645e-05,0.30970966177596804,1.0,0.0,0.30970966177596804
2026-02,2025-10,2026-07,Copper return lag 2,252,0.17731885335648143,0.0047537748660360785,-0.0028421868284213402,0.4309778144842221,0.08667426499780895,0.03451249847236067,0.21621398842970851,1.0,0.0,0.21621398842970851
2026-03,2025-10,2026-07,Copper return lag 2,252,0.17731885335648143,0.0047537748660360785,-0.0028421868284213402,0.4309778144842221,0.09658509851559316,0.03878384784157229,0.005877068471098923,1.0,0.0,0.005877068471098923
2026-04,2025-10,2026-07,Copper return lag 2,252,0.17731885335648143,0.0047537748660360785,-0.0028421868284213402,0.4309778144842221,-0.0027189378831540267,-0.00401398873502142,0.061358393026409885,-1.0,2.0,-0.06535839302640989
2026-05,2025-10,2026-07,Copper return lag 2,252,0.17731885335648143,0.0047537748660360785,-0.0028421868284213402,0.4309778144842221,-0.03317686934158104,-0.01714068146868453,0.039789909603316076,-1.0,0.0,-0.039789909603316076
2026-06,2025-10,2026-07,Copper return lag 2,252,0.17731885335648143,0.0047537748660360785,-0.0028421868284213402,0.4309778144842221,0.028482394664226973,0.00943309337524427,-0.030646731299014185,1.0,2.0,-0.03464673129901419
2026-07,2025-10,2026-07,Copper return lag 2,252,0.17731885335648143,0.0047537748660360785,-0.0028421868284213402,0.4309778144842221,0.04708456974970687,0.017450218138237245,-0.28406829649093535,1.0,0.0,-0.28406829649093535
