Metal,Relation,lag_months,N,pearson_r,p_raw,spearman_rho,spearman_p,p_BH
Copper,ONI_return,-24,390,-0.0070937236299917225,0.8889429299363931,-0.04648929017078703,0.3598567288347546,0.8889429299363931
Copper,ONI_return,-23,391,-0.04363135477643747,0.3895676168985291,-0.07579666948651838,0.13461808891758312,0.5302448118896645
Copper,ONI_return,-22,392,-0.07696700887511053,0.12819461643303978,-0.0908347805837043,0.07242950466990936,0.31407681026094747
Copper,ONI_return,-21,393,-0.10968810078151012,0.02969616911672345,-0.1095614224134758,0.02988635383304824,0.13228293515631354
Copper,ONI_return,-20,394,-0.15134655000555366,0.0025956115335702672,-0.13502974927558936,0.007273598881428804,0.02119749419082385
Copper,ONI_return,-19,395,-0.1735188264742188,0.0005322030826264429,-0.14857856696293772,0.003076108306137742,0.0065194877621739256
Copper,ONI_return,-18,396,-0.18615426400465346,0.00019506303960686468,-0.14622022642790253,0.0035428151273778456,0.005832710740709993
Copper,ONI_return,-17,397,-0.183442108159254,0.00023806982615142826,-0.1346896637681479,0.007199628731353592,0.005832710740709993
Copper,ONI_return,-16,398,-0.17387255065191937,0.0004932178804080319,-0.1192096169925732,0.017348652038946474,0.0065194877621739256
Copper,ONI_return,-15,399,-0.1672492804947107,0.000796597545053369,-0.1029251333507201,0.03988498451794574,0.007806655941523016
Copper,ONI_return,-14,400,-0.13732284335659675,0.005943079335294124,-0.07634881345572374,0.1274029868435095,0.041601555347058866
Copper,ONI_return,-13,401,-0.10508732265197336,0.03541068091890074,-0.052133280727830064,0.2976818187832633,0.13504320188247698
Copper,ONI_return,-12,402,-0.06853881609565107,0.1702088256192982,-0.029171860400246528,0.5597608214126871,0.33624453539302435
Copper,ONI_return,-11,403,-0.04062943789205997,0.4159700120516661,-0.010856915796182446,0.8279897730595015,0.5508792051495038
Copper,ONI_return,-10,404,-0.013729177536159098,0.7832309706660826,0.00660807107810067,0.8946596183239797,0.8722344900599557
Copper,ONI_return,-9,405,0.010151950478588119,0.8386052557397145,0.020356117610375687,0.6829542611525087,0.8889429299363931
Copper,ONI_return,-8,406,0.0189998820053767,0.7026904924481349,0.020855433881533596,0.6752341928749986,0.8007403286036886
Copper,ONI_return,-7,407,0.02784648681179359,0.5753685642856418,0.022882923581269827,0.645310910883187,0.7048264912499111
Copper,ONI_return,-6,408,0.023111320705411508,0.6416051364501747,0.01778562410172317,0.7202100155623661,0.7485393258585372
Copper,ONI_return,-5,409,0.00829776504002348,0.8671330618897863,0.0032837723413231016,0.9472129338273283,0.8889429299363931
Copper,ONI_return,-4,410,-0.011836336332492533,0.8111488560436745,-0.017707782996215796,0.7207260464168009,0.88325097658089
Copper,ONI_return,-3,411,-0.023956635111231774,0.6281968072825335,-0.037496189953565004,0.44838107965269125,0.7485393258585372
Copper,ONI_return,-2,412,-0.035132461602355544,0.4769825748499666,-0.0501558107285049,0.3098208537187673,0.6150564780960096
Copper,ONI_return,-1,413,-0.05735130450256385,0.24485339673472645,-0.06721911815559534,0.17273881168595703,0.36672606131922364
Copper,ONI_return,0,414,-0.07746073984155637,0.11555849589245326,-0.08151290926129333,0.09766414877959688,0.29801927888053736
Copper,ONI_return,1,414,-0.08929382195653097,0.06952479057452779,-0.09218902412871573,0.06091797751790962,0.22711431587679076
Copper,ONI_return,2,413,-0.08739041626394731,0.07606386653434544,-0.09636751964697911,0.050342691480679,0.2329455912614329
Copper,ONI_return,3,412,-0.06576688096392813,0.18275871643775027,-0.07827024072670867,0.11266676116557534,0.33624453539302435
Copper,ONI_return,4,411,-0.031201620516272593,0.5281832479667734,-0.04355202854741441,0.37849917706839187,0.6636148500095358
Copper,ONI_return,5,410,0.007881435984657511,0.8735883886259014,0.00011066582931495023,0.9982175505815262,0.8889429299363931
Copper,ONI_return,6,409,0.04793744547850212,0.33351214917263905,0.03791974058549454,0.4443862827518671,0.4669170088416947
Copper,ONI_return,7,408,0.07909162506637549,0.11067404680641207,0.06149774308003735,0.21513968923467355,0.29801927888053736
Copper,ONI_return,8,407,0.10407486308838138,0.03582778825453471,0.07906275098327713,0.11124564139604427,0.13504320188247698
Copper,ONI_return,9,406,0.11889694090795051,0.016537676219651878,0.0824742954006083,0.09701195178521559,0.08204567599262313
Copper,ONI_return,10,405,0.11881925658855726,0.016744015508698598,0.08395396265453665,0.09154592362197872,0.08204567599262313
Copper,ONI_return,11,404,0.11898880855390322,0.016723026969007296,0.08974333851989014,0.07156633225038393,0.08204567599262313
Copper,ONI_return,12,403,0.09940935933839924,0.046111339245164154,0.07974237553505302,0.10995602198838796,0.16138968735807455
Copper,ONI_return,13,402,0.0812783342990083,0.10368523408692651,0.0770236958084784,0.12312156698980846,0.29801927888053736
Copper,ONI_return,14,401,0.06508206195909001,0.19340291380152622,0.07325111194376709,0.14312811399965245,0.33624453539302435
Copper,ONI_return,15,400,0.056406649373569526,0.2603777407989151,0.07963860255527841,0.11176399037983488,0.3752502735043189
Copper,ONI_return,16,399,0.058558747571288684,0.24319342342659866,0.08881582500384236,0.07638922681275502,0.36672606131922364
Copper,ONI_return,17,398,0.0645170091265047,0.19900186788566748,0.09385994978684213,0.061380808245135796,0.33624453539302435
Copper,ONI_return,18,397,0.06468502395318254,0.19840003980981136,0.0864159386762232,0.08550258596279003,0.33624453539302435
Copper,ONI_return,19,396,0.06548892142218048,0.19343313487864633,0.08237714061919296,0.1016544093105963,0.33624453539302435
Copper,ONI_return,20,395,0.058386491466056685,0.24697877599049753,0.07887463688332275,0.11756567459220461,0.36672606131922364
Copper,ONI_return,21,394,0.060673632987286834,0.22951153666036198,0.09025673675187795,0.07353322562715373,0.36672606131922364
Copper,ONI_return,22,393,0.06732846248515198,0.18286181701323875,0.10052918068788445,0.04641352111619555,0.33624453539302435
Copper,ONI_return,23,392,0.06846235697073898,0.1761372883806378,0.10402700561502672,0.039528679738853253,0.33624453539302435
Copper,ONI_return,24,391,0.06739086558278667,0.18357960540529195,0.10005667376971128,0.04802781726961856,0.33624453539302435
Copper,dONI_return,-24,390,0.1321864972523248,0.008960093956711065,0.08012503107278815,0.11415167338525976,0.04878273376431579
Copper,dONI_return,-23,391,0.1471824366865967,0.003534974788023806,0.07550552209520514,0.13612616244306425,0.028868960768861085
Copper,dONI_return,-22,392,0.1442038751414984,0.004223856517277128,0.08041317356981893,0.11192716423307705,0.029167244188360208
Copper,dONI_return,-21,393,0.15176957418183976,0.0025560667744928068,0.08119058412032477,0.10803949751384231,0.025049454390029504
Copper,dONI_return,-20,394,0.08293845684341886,0.10020016081507423,0.021616152931695932,0.6688294145590925,0.27276710444103536
Copper,dONI_return,-19,395,0.05343688048141042,0.2894047653378946,-0.04014380226188468,0.42624447721111025,0.5064583393413156
Copper,dONI_return,-18,396,0.0025300669551802817,0.9599720801574725,-0.06764024492977753,0.1791723474897048,0.9799714984940865
Copper,dONI_return,-17,397,-0.02381110079160792,0.6362103848288018,-0.06875126790727784,0.17157578371830942,0.8464016438311847
Copper,dONI_return,-16,398,-0.04906460787127628,0.32889337777057376,-0.07391685461415202,0.14101741821288255,0.5283459173048991
Copper,dONI_return,-15,399,-0.10894651255158014,0.02956590223684602,-0.11517717007857234,0.021385583083236636,0.12072743413378792
Copper,dONI_return,-14,400,-0.12144732359249696,0.015084356936873919,-0.0941409631352246,0.05995743166490423,0.0739133489906822
Copper,dONI_return,-13,401,-0.1534038685340222,0.002066020642145759,-0.09753431232219906,0.05097602840548732,0.025049454390029504
Copper,dONI_return,-12,402,-0.11927483138964017,0.016731614733913325,-0.0704815239854737,0.15839080733098973,0.07453173836015936
Copper,dONI_return,-11,403,-0.09915449168292395,0.04667536850886478,-0.04496850286499839,0.36791386539283905,0.16336378978102672
Copper,dONI_return,-10,404,-0.07235011668559589,0.14660828903197126,-0.032158568656743075,0.5192232743738504,0.3420860077412663
Copper,dONI_return,-9,405,-0.03513041150751537,0.480798798018508,0.02858918119846996,0.5661808707963297,0.7139133667547544
Copper,dONI_return,-8,406,-0.005794740047213687,0.907334141840055,0.03648620458969998,0.46346444099307144,0.9665081076122325
Copper,dONI_return,-7,407,0.05308343267756113,0.28535019351780383,0.07306328352981724,0.14117485253026874,0.5064583393413156
Copper,dONI_return,-6,408,0.05760895349307852,0.2456263887921681,0.09266540840225056,0.061479341945361976,0.4629112711852399
Copper,dONI_return,-5,409,0.06801380165154185,0.16979139123061185,0.1078940563251232,0.02913046324988585,0.3617294856652165
Copper,dONI_return,-4,410,0.05795000841737483,0.24167922353775967,0.087449764299546,0.0769428789813249,0.4629112711852399
Copper,dONI_return,-3,411,0.061136700266819693,0.21615579759003722,0.052003681667617055,0.2929011727843667,0.441318086746326
Copper,dONI_return,-2,412,0.090341416601208,0.06696532166786379,0.06063544187661957,0.2193884021047681,0.20508129760783286
Copper,dONI_return,-1,413,0.08118692613278937,0.09942791024616413,0.028107343035294583,0.5689558115131104,0.27276710444103536
Copper,dONI_return,0,414,0.04767319200392938,0.3332324951682066,-0.003914328148862978,0.9367110553133098,0.5283459173048991
Copper,dONI_return,1,413,-0.015803213742452592,0.7488122790080161,-0.0527810629656043,0.28455944775816294,0.9276994951515003
Copper,dONI_return,2,412,-0.09112218232427098,0.06463060522918608,-0.1060924445926918,0.03132038350204835,0.20508129760783286
Copper,dONI_return,3,411,-0.13898086392861408,0.00476199905116085,-0.13378189534658194,0.006604842904832139,0.029167244188360208
Copper,dONI_return,4,410,-0.1614360315602363,0.0010366265945872125,-0.14488563093030088,0.003279127783216604,0.023278295902101086
Copper,dONI_return,5,409,-0.17575493258584265,0.0003551007958294394,-0.14777788995229027,0.0027359898541617898,0.017399938995642534
Copper,dONI_return,6,408,-0.15740120419117182,0.0014252017899245562,-0.11977725171853744,0.015491523685839123,0.023278295902101086
Copper,dONI_return,7,407,-0.10084799384577096,0.04200596533422297,-0.06461175003315692,0.19331200241275265,0.15833017702899427
Copper,dONI_return,8,406,-0.048040853359874465,0.33425966196840556,-0.025627363031379555,0.606644188065547,0.5283459173048991
Copper,dONI_return,9,405,0.023703019405638542,0.6343547220883013,0.01738655408519709,0.7272075141761728,0.8464016438311847
Copper,dONI_return,10,404,0.01539597556774465,0.7576906957833233,-3.560179190807628e-05,0.9994308131926898,0.9276994951515003
Copper,dONI_return,11,403,0.07596322528714922,0.1279051919738484,0.05370580662988347,0.28212227472942564,0.3133677203359286
Copper,dONI_return,12,402,0.06978377473634191,0.1625620500949487,0.034435442648576994,0.4911488239541577,0.3617294856652165
Copper,dONI_return,13,401,0.07623779925380597,0.12748027962075456,0.049839877547157255,0.3194707799442433,0.3133677203359286
Copper,dONI_return,14,400,0.04619949026449475,0.356742296912437,0.012656690969465282,0.8007691952999155,0.5462616421471692
Copper,dONI_return,15,399,0.023546486209798184,0.6391196086072211,-0.018719083494284892,0.709317425667342,0.8464016438311847
Copper,dONI_return,16,398,0.0030731062292460518,0.9512671525230542,-0.03024616258142393,0.54740791008209,0.9799714984940865
Copper,dONI_return,17,397,-0.009041251921462507,0.8574812815992547,-0.02150426909233422,0.6692570522892545,0.9549223363264427
Copper,dONI_return,18,396,-0.013086287364017868,0.7951709958441431,-0.006739299713807297,0.8936493382191382,0.9276994951515003
Copper,dONI_return,19,395,0.02750673648051372,0.5857148812914064,0.024297167327379708,0.6302056985090959,0.8441185053905562
Copper,dONI_return,20,394,0.0075801325700714664,0.8807761025424427,-0.02972272288362274,0.5563747811768909,0.9590673116573264
Copper,dONI_return,21,393,0.013307837634653291,0.7925591318699604,-0.021725944965213687,0.6676475477592138,0.9276994951515003
Copper,dONI_return,22,392,-0.00024413587590671403,0.9961556413135422,-0.022899964058090926,0.6512635560242144,0.9961556413135422
Copper,dONI_return,23,391,-0.010717802098377803,0.8326856749261552,-0.0038175294827342333,0.9400195015250321,0.9488743737530606
Copper,dONI_return,24,390,-0.016901698037486427,0.739334956164797,-0.006025343234596563,0.9055842423463109,0.9276994951515003
Copper,ONI_logprice,-24,391,0.12745169873585846,0.011655042375499997,0.13840117954156678,0.006122497443841272,0.1637392402291041
Copper,ONI_logprice,-23,392,0.12246363286878306,0.015264111782154047,0.13295171827905616,0.008398532308065292,0.1637392402291041
Copper,ONI_logprice,-22,393,0.11434304789680912,0.023391320032729156,0.12438431907306012,0.013603808485393349,0.1637392402291041
Copper,ONI_logprice,-21,394,0.10316864794587796,0.04067798999221071,0.11238031806919054,0.025703075255842946,0.19932215096183245
Copper,ONI_logprice,-20,395,0.08814981474519153,0.0801531214540537,0.09567320193053477,0.057459216390186175,0.3021156116345101
Copper,ONI_logprice,-19,396,0.07111685607086564,0.15779605716710499,0.07555020371036751,0.13340131471072664,0.4832504250742591
Copper,ONI_logprice,-18,397,0.05263942524127606,0.2954449507872202,0.053474040894162245,0.28784375940484247,0.7131332528603967
Copper,ONI_logprice,-17,398,0.033497491000713295,0.5051823094208929,0.031632684993777214,0.5291901799002768,0.7141395692443471
Copper,ONI_logprice,-16,399,0.014676972269731584,0.7700815332478365,0.010245987080184506,0.8383326458336772,0.857590798389636
Copper,ONI_logprice,-15,400,-0.003129751246295545,0.9502448632289042,-0.010331660588625573,0.8367971207470496,0.9502448632289042
Copper,ONI_logprice,-14,401,-0.017448852660765204,0.7275782741683903,-0.02958777736219813,0.5546714878244204,0.8291008240523517
Copper,ONI_logprice,-13,402,-0.02808432984957013,0.5744932542082655,-0.04784979026051629,0.3385944573358041,0.7407939330580265
Copper,ONI_logprice,-12,403,-0.034657951825738206,0.4878071056761185,-0.06450028342158654,0.19630242488436594,0.7141395692443471
Copper,ONI_logprice,-11,404,-0.0383088820623597,0.4425495135854573,-0.07924639504604891,0.11174478132515142,0.7141395692443471
Copper,ONI_logprice,-10,405,-0.03881551035187337,0.4359642125533947,-0.08943910071782565,0.07218195832095178,0.7141395692443471
Copper,ONI_logprice,-9,406,-0.037106253320946574,0.45589585500501945,-0.09553437610551414,0.054425987055052916,0.7141395692443471
Copper,ONI_logprice,-8,407,-0.03491338029732067,0.48243048670479804,-0.0982980122910496,0.047502703067881694,0.7141395692443471
Copper,ONI_logprice,-7,408,-0.032539978043149474,0.5121894147859474,-0.09889497443416434,0.04589605001471075,0.7141395692443471
Copper,ONI_logprice,-6,409,-0.03154466356199773,0.5246739692407448,-0.09910042028549625,0.04517932555996423,0.7141395692443471
Copper,ONI_logprice,-5,410,-0.032856541846557855,0.5070473695049562,-0.09938882284294158,0.04429288408798808,0.7141395692443471
Copper,ONI_logprice,-4,411,-0.0372346432684787,0.4515550776256536,-0.10143919198234691,0.03982765099768015,0.7141395692443471
Copper,ONI_logprice,-3,412,-0.04326802734442383,0.3810370873246991,-0.10570348296308996,0.031949621660667,0.7141395692443471
Copper,ONI_logprice,-2,413,-0.050530230413473404,0.30562853694017,-0.11241714851322387,0.022318142314790995,0.7131332528603967
Copper,ONI_logprice,-1,414,-0.05999578961938809,0.22317064119314756,-0.1211894110705627,0.013606589771765714,0.6075200788035683
Copper,ONI_logprice,0,415,-0.07115368077988085,0.1479044431991987,-0.13214412267477268,0.007024262847820302,0.4831545144507158
Copper,ONI_logprice,1,414,-0.088702050152906,0.07140108470551712,-0.1502844364346351,0.0021692788171409428,0.2915544292141949
Copper,ONI_logprice,2,413,-0.1040197649458543,0.03457850928503266,-0.1677744983187938,0.0006181019327876985,0.1882607727740667
Copper,ONI_logprice,3,412,-0.11472648299002548,0.019842433064618043,-0.18160354960606903,0.00021071634189856852,0.1637392402291041
Copper,ONI_logprice,4,411,-0.12020382728831142,0.014755152137874995,-0.1890926091249225,0.00011494073066991213,0.1637392402291041
Copper,ONI_logprice,5,410,-0.12006861189923185,0.014991358546079036,-0.18854546891094984,0.00012273420917216068,0.1637392402291041
Copper,ONI_logprice,6,409,-0.11476510563449317,0.020257037575747927,-0.18047032188637163,0.00024370714068189158,0.1637392402291041
Copper,ONI_logprice,7,408,-0.10561135853772194,0.03295201456928782,-0.16657804070924936,0.0007300996370510606,0.1882607727740667
Copper,ONI_logprice,8,407,-0.09319375566058379,0.06032365197716068,-0.14916066347049764,0.002554228222315386,0.26871444971644304
Copper,ONI_logprice,9,406,-0.07941210528751846,0.11010971413261464,-0.1312042726329599,0.008121088134793735,0.38538399946415125
Copper,ONI_logprice,10,405,-0.06562899106732607,0.1874711288716056,-0.11375912375377759,0.02203756390464701,0.5403579596887456
Copper,ONI_logprice,11,404,-0.052796391584164,0.28976160321810385,-0.09672106964201975,0.052064211992012215,0.7131332528603967
Copper,ONI_logprice,12,403,-0.04219799422553198,0.3981868301672703,-0.08127289181299249,0.1032770129695868,0.7141395692443471
Copper,ONI_logprice,13,402,-0.03422685602554687,0.4937794698538724,-0.06711917670716817,0.17925263338618405,0.7141395692443471
Copper,ONI_logprice,14,401,-0.028221749431943877,0.5731025268775944,-0.05485858532294406,0.27310570985430543,0.7407939330580265
Copper,ONI_logprice,15,400,-0.02299457723411667,0.6465839650776692,-0.04215317878896387,0.4004605591611997,0.7920653572201448
Copper,ONI_logprice,16,399,-0.01758181950235907,0.7262472869064344,-0.029186472761251976,0.5610422499210761,0.8291008240523517
Copper,ONI_logprice,17,398,-0.011114496119327785,0.8250590129762454,-0.015747093894485503,0.7541402164843022,0.8788672094746961
Copper,ONI_logprice,18,397,-0.004090226492383047,0.9352506522257614,-0.003648406354151826,0.942231854106501,0.9502448632289042
Copper,ONI_logprice,19,396,0.004571554148367876,0.927742354830419,0.009252884404680594,0.8543649690070115,0.9502448632289042
Copper,ONI_logprice,20,395,0.012114176247138368,0.8103222919805668,0.018895413158460755,0.7081199930449562,0.8788672094746961
Copper,ONI_logprice,21,394,0.01938799849731391,0.7012348228251273,0.026622466679239502,0.5982940851815234,0.8291008240523517
Copper,ONI_logprice,22,393,0.026779344518537723,0.596608642806688,0.034053862344044505,0.5008605239768701,0.749585217885326
Copper,ONI_logprice,23,392,0.03380830339651555,0.5045016804924476,0.03962185332332273,0.43405314363104697,0.7141395692443471
Copper,ONI_logprice,24,391,0.04025160503230328,0.4273716110274846,0.04360144108744639,0.38989306687079295,0.7141395692443471
Aluminum,ONI_return,-24,390,0.025961037923154184,0.6092600913123005,-0.0024058700470370206,0.9622265576650306,0.7724189273357471
Aluminum,ONI_return,-23,391,0.027686714108378495,0.5851888665466262,-0.008228760777698367,0.8711522912491643,0.7724189273357471
Aluminum,ONI_return,-22,392,0.024366273529542966,0.6305460631312222,-0.009925485799903351,0.8446948116967948,0.7724189273357471
Aluminum,ONI_return,-21,393,0.008345371040447842,0.8690097643536837,-0.022358617799327903,0.6585719179740673,0.9059889032623512
Aluminum,ONI_return,-20,394,-0.02520217169509196,0.6179635171732504,-0.049414280706524864,0.3279126898795519,0.7724189273357471
Aluminum,ONI_return,-19,395,-0.06019297486034774,0.2326333270449554,-0.08220538422605582,0.10280930850619481,0.39307010431733846
Aluminum,ONI_return,-18,396,-0.0945375856420533,0.060170987083428704,-0.10442287516244339,0.037792174870180294,0.14741891835440032
Aluminum,ONI_return,-17,397,-0.12354843100574245,0.013763878557153181,-0.11828390503884297,0.018391476645488455,0.08625804241553206
Aluminum,ONI_return,-16,398,-0.15514223595153104,0.0019082109177588995,-0.14062008887967983,0.004946211169312702,0.02337558374254652
Aluminum,ONI_return,-15,399,-0.18568179661432538,0.00019160150129300492,-0.1528543001787057,0.0022008834484203146,0.007643071494711741
Aluminum,ONI_return,-14,400,-0.17935543570217932,0.00031196210182496897,-0.1529162714997445,0.0021635626177476616,0.007643071494711741
Aluminum,ONI_return,-13,401,-0.16653810271395703,0.000814200906168554,-0.14515219125112158,0.0035792982523948566,0.01329861480075305
Aluminum,ONI_return,-12,402,-0.13899594794571676,0.005242453892544201,-0.128778087714116,0.009745720053229873,0.05137604814693317
Aluminum,ONI_return,-11,403,-0.11044275270829741,0.026621572604163812,-0.10809806764997862,0.030031526327397817,0.08625804241553206
Aluminum,ONI_return,-10,404,-0.07189232599868221,0.14918745046654586,-0.07225843251664014,0.14712209124393388,0.28116096434079796
Aluminum,ONI_return,-9,405,-0.037232335006456445,0.45492503741443896,-0.04191120676900909,0.40023057800314515,0.67549475252447
Aluminum,ONI_return,-8,406,-0.01337674784707497,0.788149007751427,-0.02284462284446373,0.6462721661383749,0.8395500299960853
Aluminum,ONI_return,-7,407,0.0033388467813766833,0.9464609216075272,-0.01070957311140309,0.8294561095712015,0.9464609216075272
Aluminum,ONI_return,-6,408,0.015597481386285575,0.7534403897668626,-0.0027401066664682686,0.9559968657984675,0.8395500299960853
Aluminum,ONI_return,-5,409,0.015389204914349948,0.7563379558176537,-0.0020502839043086874,0.967026785565556,0.8395500299960853
Aluminum,ONI_return,-4,410,0.021699019920530062,0.6613269727655594,-0.0007785910333601763,0.9874600554831671,0.7903663820856686
Aluminum,ONI_return,-3,411,0.024164478484837573,0.6252176467953873,-0.005736451669313685,0.9076980185139085,0.7724189273357471
Aluminum,ONI_return,-2,412,0.016879690193116293,0.7326491727705412,-0.013641486039528023,0.782499285570777,0.8395500299960853
Aluminum,ONI_return,-1,413,-0.006105373558897266,0.9015520602575372,-0.03260144707329539,0.5088000545400037,0.9203343948462359
Aluminum,ONI_return,0,414,-0.03331542402986628,0.49903637843186416,-0.054610912083260625,0.26758745454454236,0.7191994865635689
Aluminum,ONI_return,1,414,-0.051980109401331576,0.29135471126021073,-0.0769677715198812,0.11790032604312446,0.47339662738039
Aluminum,ONI_return,2,413,-0.06485626827400105,0.18836690540591142,-0.08609491042669168,0.08053357415742954,0.3418510505514689
Aluminum,ONI_return,3,412,-0.06310576618592753,0.2011472426868583,-0.07957442986249,0.10678022256288018,0.35200767470200206
Aluminum,ONI_return,4,411,-0.051299386175980476,0.29949582548555287,-0.060877581690111544,0.2181123271825304,0.47339662738039
Aluminum,ONI_return,5,410,-0.025103753604527886,0.6122669187295154,-0.030044639859181356,0.5440917087069708,0.7724189273357471
Aluminum,ONI_return,6,409,0.01410834493108546,0.7760544107246486,0.005874069705551744,0.9057244603360348,0.8395500299960853
Aluminum,ONI_return,7,408,0.04772177386717433,0.3362892182368983,0.03070594094687678,0.5362638810523669,0.5149428654252506
Aluminum,ONI_return,8,407,0.07324788805521808,0.14017011671617116,0.04843813436946141,0.3296746676893076,0.2747334287636955
Aluminum,ONI_return,9,406,0.08860463524089221,0.07453124537929628,0.05444278244952069,0.2737702562491538,0.17390623921835802
Aluminum,ONI_return,10,405,0.10056466762246762,0.0431040993381195,0.06988379592561335,0.16039208920154108,0.11733893708710307
Aluminum,ONI_return,11,404,0.11234036737813897,0.023935084187093555,0.09021157477137642,0.07009339251581695,0.08625804241553206
Aluminum,ONI_return,12,403,0.10963748636423305,0.027753101679997696,0.09979112944278322,0.04527717666547363,0.08625804241553206
Aluminum,ONI_return,13,402,0.11714233548571404,0.01879979804910511,0.11981407299008473,0.016241273281104456,0.08625804241553206
Aluminum,ONI_return,14,401,0.11518907818304018,0.021046829799377918,0.122818858491004,0.013851473171639924,0.08625804241553206
Aluminum,ONI_return,15,400,0.12108712011881298,0.015389300888116467,0.14509142625134056,0.0036357300932259,0.08625804241553206
Aluminum,ONI_return,16,399,0.12036765579375308,0.01614810519132401,0.15365478843540115,0.002084505380342065,0.08625804241553206
Aluminum,ONI_return,17,398,0.11839408008920432,0.01813542524232656,0.15775947880624347,0.0015930000861362514,0.08625804241553206
Aluminum,ONI_return,18,397,0.11547245172752653,0.021379184113556084,0.15331733765147196,0.0021889257029045687,0.08625804241553206
Aluminum,ONI_return,19,396,0.11031317704690807,0.02816589140099006,0.14743320502972643,0.0032747647804043127,0.08625804241553206
Aluminum,ONI_return,20,395,0.104308035960449,0.038249886042489155,0.1468652655466846,0.003438831197076439,0.11024967153423344
Aluminum,ONI_return,21,394,0.09647805234880859,0.05569484638165206,0.14484724680755798,0.003961515740205036,0.14363407751057639
Aluminum,ONI_return,22,393,0.08677772003035022,0.08578498077595406,0.1362006084190511,0.0068493164734391866,0.1827593068705108
Aluminum,ONI_return,23,392,0.08884758597123946,0.07892617686892701,0.1376135989313861,0.006354523252683051,0.17579012120806473
Aluminum,ONI_return,24,391,0.0820658096478903,0.10517108768246107,0.12767953640600083,0.01150524719271194,0.21472430401835801
Aluminum,dONI_return,-24,390,-0.007257520899990835,0.8863957087079348,-0.015120085982252889,0.765965476040391,0.9651864383708624
Aluminum,dONI_return,-23,391,0.03371542641558299,0.5062206830050242,0.02304783742868265,0.6495821732239839,0.8553383954222823
Aluminum,dONI_return,-22,392,0.09115722215460921,0.07141768429381792,0.07605824356177496,0.13277572504930335,0.23329776869313854
Aluminum,dONI_return,-21,393,0.13439158717163904,0.007634157979928761,0.1002916025657933,0.04693541939051844,0.05343910585950133
Aluminum,dONI_return,-20,394,0.13513832616316518,0.007226346890237836,0.10843902766677736,0.03140020303989364,0.05343910585950133
Aluminum,dONI_return,-19,395,0.14596343923026947,0.003644951940942645,0.0931375247834016,0.0644250856477094,0.044650661276547404
Aluminum,dONI_return,-18,396,0.13405873566704127,0.0075542239120072715,0.08301436750603378,0.09902656452183888,0.05343910585950133
Aluminum,dONI_return,-17,397,0.1281312737804156,0.010603867408927062,0.08626255732701951,0.08606131085275082,0.06494868787967825
Aluminum,dONI_return,-16,398,0.07672466917034246,0.12648988462077984,0.03161751200034068,0.5293878647338903,0.36458849096577717
Aluminum,dONI_return,-15,399,-0.010095748801484367,0.8406713154720128,-0.0395419564170083,0.43088389471451133,0.9362021467756506
Aluminum,dONI_return,-14,400,-0.037834470137126694,0.45049409575639776,-0.04253019904741623,0.39625649046881567,0.8224968962933611
Aluminum,dONI_return,-13,401,-0.09854303525485637,0.04861364986350823,-0.06673564921421661,0.18230358227448454,0.1832360648701464
Aluminum,dONI_return,-12,402,-0.1190433814349503,0.01694601661720121,-0.07960220889124946,0.11103033777030369,0.08461195666993049
Aluminum,dONI_return,-11,403,-0.14849888385646645,0.0028042365187980704,-0.11894639161811035,0.01689882242941402,0.044650661276547404
Aluminum,dONI_return,-10,404,-0.11840690417804735,0.01726774625916949,-0.07499348085629622,0.13237563211523626,0.08461195666993049
Aluminum,dONI_return,-9,405,-0.0940712407697573,0.058558671139648986,-0.04979350508582323,0.31750513512627354,0.20495534898877146
Aluminum,dONI_return,-8,406,-0.05990747254239332,0.22841089401392145,-0.019575231998715806,0.6941336784699296,0.5533814269196824
Aluminum,dONI_return,-7,407,-0.01110877666553698,0.8232018262774908,0.02156183400721624,0.6645018081149204,0.9362021467756506
Aluminum,dONI_return,-6,408,-0.010592947602951448,0.8310800451097994,0.003585301750315241,0.9424446627236752,0.9362021467756506
Aluminum,dONI_return,-5,409,0.017025792514144572,0.7313754829480882,0.04511370829820182,0.36280175588857605,0.9362021467756506
Aluminum,dONI_return,-4,410,0.017502537916388578,0.7238302290900636,0.029472541134273403,0.5517894820902947,0.9362021467756506
Aluminum,dONI_return,-3,411,0.03600869091336084,0.46660021470387963,0.017957491523132245,0.7166234516563457,0.8224968962933611
Aluminum,dONI_return,-2,412,0.06404245158606196,0.1945271554344832,0.05152954795464449,0.29673939574176394,0.5016752955941935
Aluminum,dONI_return,-1,413,0.07217493112252467,0.14313042547435267,0.036630925890181736,0.457832105268397,0.3896328249024045
Aluminum,dONI_return,0,414,0.07583507990201502,0.12342162692338528,0.05003465376681971,0.30981384865107076,0.36458849096577717
Aluminum,dONI_return,1,413,0.02457541098444325,0.6184890600630678,0.003252913719455812,0.9474520014381702,0.9362021467756506
Aluminum,dONI_return,2,412,-0.010098937392068172,0.8380655759029818,-0.03133298660727737,0.5259414185391418,0.9362021467756506
Aluminum,dONI_return,3,411,-0.058437148832954394,0.23716346867986385,-0.05437121680887476,0.2714491138448249,0.5533814269196824
Aluminum,dONI_return,4,410,-0.10475991787253157,0.03395644520865113,-0.10574709010236473,0.03229957095607421,0.15126052865671868
Aluminum,dONI_return,5,409,-0.15285077558570184,0.001935271332138924,-0.14885708669478465,0.0025439318145104436,0.044650661276547404
Aluminum,dONI_return,6,408,-0.1507326199452873,0.002267408517356132,-0.1536104105559997,0.0018598395711653714,0.044650661276547404
Aluminum,dONI_return,7,407,-0.10273858877900295,0.03828564380196355,-0.10567038190856143,0.033069926740592205,0.15633304552468452
Aluminum,dONI_return,8,406,-0.05207417440440669,0.2952191492704879,-0.04007291034274825,0.4206576791991059,0.6280706496197359
Aluminum,dONI_return,9,405,-0.01911759242826523,0.7012897333307687,-0.014850361795953356,0.7657409559340997,0.9362021467756506
Aluminum,dONI_return,10,404,-0.04168131112662378,0.4034073757855731,-0.0457476635953566,0.35906518806439036,0.7906784565397234
Aluminum,dONI_return,11,403,-0.0027067034089494763,0.9568013061824179,-0.013196205083452692,0.7917023967879503,0.9767346667278849
Aluminum,dONI_return,12,402,-0.030043820806209542,0.5480820627110214,-0.04297008260431945,0.3901961869936598,0.8952007024280016
Aluminum,dONI_return,13,401,0.010686032229650741,0.8310729155985502,-0.009105732978032044,0.8557579593933369,0.9362021467756506
Aluminum,dONI_return,14,400,-0.00562198626377107,0.9107530527856519,-0.03582118550781963,0.4749730913610737,0.970149991010803
Aluminum,dONI_return,15,399,0.018262161449832483,0.7161027642527228,-0.021039686633944184,0.6752195917217786,0.9362021467756506
Aluminum,dONI_return,16,398,0.004014144021774786,0.9363721732212147,-0.016440632770325682,0.7436829478301235,0.9762177976136068
Aluminum,dONI_return,17,397,-0.0009622934884127473,0.9847508742485491,-0.017141945646051943,0.733480855013179,0.9847508742485491
Aluminum,dONI_return,18,396,0.011406573003965918,0.8209853998753494,0.002948685948017083,0.9533561406929331,0.9362021467756506
Aluminum,dONI_return,19,395,0.03645545997040895,0.46999822645334915,0.017953263999127472,0.7220563095218454,0.8224968962933611
Aluminum,dONI_return,20,394,0.05358400711516713,0.2886920707791985,0.04395378305128974,0.38424233891114995,0.6280706496197359
Aluminum,dONI_return,21,393,0.05159310624873418,0.3076264406300747,0.04159445452236433,0.410902019406798,0.6280706496197359
Aluminum,dONI_return,22,392,0.01111766309306591,0.8263210690705711,0.016561591856130112,0.7437601125954488,0.9362021467756506
Aluminum,dONI_return,23,391,0.010987641328733547,0.8285376449827274,-0.0003954585528158837,0.9937808311948596,0.9362021467756506
Aluminum,dONI_return,24,390,-0.01660999962798659,0.7436747937267194,-0.008099516953259936,0.8733207828084931,0.9362021467756506
Aluminum,ONI_logprice,-24,391,0.1044517573993487,0.03897628287302043,0.08542778479256263,0.09162224682905068,0.059682433149312535
Aluminum,ONI_logprice,-23,392,0.10857857667284175,0.03161547593563094,0.08529839922155995,0.09169880114940908,0.05163861069486386
Aluminum,ONI_logprice,-22,393,0.11199811158469782,0.026405657442233704,0.08510124849681701,0.09203679324913316,0.04461645567825695
Aluminum,ONI_logprice,-21,394,0.11223353425256462,0.02589807862451632,0.08296801895951417,0.10007874565801246,0.04461645567825695
Aluminum,ONI_logprice,-20,395,0.1060274961800499,0.03515941452485601,0.07718164119129585,0.12567588072921845,0.05557455844251434
Aluminum,ONI_logprice,-19,396,0.09316654649658088,0.06400279777802746,0.06563481249160145,0.19244054657575083,0.0871149191978707
Aluminum,ONI_logprice,-18,397,0.0732495530243294,0.14515982788575735,0.047456653964038246,0.3456210358389066,0.18238029657441307
Aluminum,ONI_logprice,-17,398,0.04626424238624887,0.35728083900773233,0.021766463671236528,0.6650691926915625,0.40713397933439266
Aluminum,ONI_logprice,-16,399,0.012397382940837231,0.8050087641993008,-0.010697540409472696,0.8313122230175152,0.8217797801201195
Aluminum,ONI_logprice,-15,400,-0.02679382790137107,0.5931371297289268,-0.04650926980817351,0.35352350569529667,0.631819986015596
Aluminum,ONI_logprice,-14,401,-0.06359403866820752,0.20380661689809446,-0.08198510494538344,0.10113285002786311,0.2496631057001657
Aluminum,ONI_logprice,-13,402,-0.09675098080240911,0.052579301009556184,-0.11487819423633928,0.02123611444255294,0.07577605145494862
Aluminum,ONI_logprice,-12,403,-0.12343830896207679,0.01314560475411766,-0.14429173260428552,0.0036979056357285957,0.025765385318070613
Aluminum,ONI_logprice,-11,404,-0.14404691910104983,0.0037140146428718828,-0.16845867899215403,0.0006743165293234111,0.007582779895863427
Aluminum,ONI_logprice,-10,405,-0.15614084305557913,0.0016220349218790244,-0.18309385844781062,0.0002116677881152131,0.0036127141441850996
Aluminum,ONI_logprice,-9,406,-0.16149808348400843,0.0010926156247453402,-0.1901040413316861,0.00011626006951784737,0.0027015058466617263
Aluminum,ONI_logprice,-8,407,-0.16283418078954462,0.0009772930391798323,-0.191505763760694,0.00010122296352509481,0.0027015058466617263
Aluminum,ONI_logprice,-7,408,-0.16201688478988102,0.0010224888235158757,-0.19048016807390095,0.00010829770480670896,0.0027015058466617263
Aluminum,ONI_logprice,-6,409,-0.1601662854979828,0.0011530099560104244,-0.1893898075967711,0.00011649889607876553,0.0027015058466617263
Aluminum,ONI_logprice,-5,410,-0.15991503905554974,0.0011577882199978826,-0.18779546013083193,0.00013074878294713237,0.0027015058466617263
Aluminum,ONI_logprice,-4,411,-0.1600206305703889,0.0011329639967180703,-0.18616400703757754,0.00014712815480193798,0.0027015058466617263
Aluminum,ONI_logprice,-3,412,-0.160314480894946,0.0010935363198458401,-0.18416272367239409,0.0001706364679955059,0.0027015058466617263
Aluminum,ONI_logprice,-2,413,-0.1622995328376657,0.0009319832782881945,-0.1824468744121115,0.00019311557512704196,0.0027015058466617263
Aluminum,ONI_logprice,-1,414,-0.16907079170045713,0.0005511469204450126,-0.18316126804260272,0.00017877649145355313,0.002250516591817135
Aluminum,ONI_logprice,0,415,-0.18096218602732111,0.00021055639285552346,-0.18827724955667527,0.00011408876897863225,0.0009379330227200591
Aluminum,ONI_logprice,1,414,-0.20299731919908282,3.164390775264125e-05,-0.20143564524169072,3.649579725187426e-05,0.00017228349776438013
Aluminum,ONI_logprice,2,413,-0.22452773916644594,4.06405508126797e-06,-0.21598174526086147,9.49614470456012e-06,2.844838556887579e-05
Aluminum,ONI_logprice,3,412,-0.24236652523660127,6.391901328296741e-07,-0.23021123774525099,2.3335924850456506e-06,6.264063301730806e-06
Aluminum,ONI_logprice,4,411,-0.25535533619167594,1.5346994030074985e-07,-0.24048346302550655,8.094105280224481e-07,2.5066756915789145e-06
Aluminum,ONI_logprice,5,410,-0.2610414950737631,8.193576385016193e-08,-0.24382496769962966,5.803915073039304e-07,2.5066756915789145e-06
Aluminum,ONI_logprice,6,409,-0.25777897327183946,1.2439675032374107e-07,-0.2393065222793514,9.77156646900285e-07,2.5066756915789145e-06
Aluminum,ONI_logprice,7,408,-0.2470205931232115,4.3543265021003633e-07,-0.2288787759959222,2.9960621843872004e-06,5.334049965072946e-06
Aluminum,ONI_logprice,8,407,-0.23036483363773738,2.6471466250395286e-06,-0.21417375882885256,1.3114980418488063e-05,2.1618364104489484e-05
Aluminum,ONI_logprice,9,406,-0.21085868217018325,1.8369155586382116e-05,-0.1977650043834612,6.013903501578424e-05,0.00011251107796659047
Aluminum,ONI_logprice,10,405,-0.18928191627205765,0.00012702896989162763,-0.17875683362417522,0.00029982062939312904,0.0006224419524689754
Aluminum,ONI_logprice,11,404,-0.16655919941910582,0.000776801006972237,-0.15657552477949377,0.0015947219950926872,0.0027015058466617263
Aluminum,ONI_logprice,12,403,-0.14466950551531038,0.0036082205901334773,-0.13292754092073766,0.0075382551271573305,0.007582779895863427
Aluminum,ONI_logprice,13,402,-0.12244695336493014,0.01402354109952029,-0.10775681556906298,0.0307662508334916,0.026428981302942082
Aluminum,ONI_logprice,14,401,-0.1010656685851617,0.043103849087568445,-0.08315614852302101,0.09633576830310486,0.06400268500881376
Aluminum,ONI_logprice,15,400,-0.07850515587946845,0.1169722574821755,-0.05593226624902522,0.26441428250715715,0.15490920585477297
Aluminum,ONI_logprice,16,399,-0.0559347020845781,0.26499516929736666,-0.029640949930599212,0.5549562386922032,0.3091610308469278
Aluminum,ONI_logprice,17,398,-0.032862145591768595,0.5132971727605968,-0.003952681745939588,0.9373443931341385,0.5589235881170943
Aluminum,ONI_logprice,18,397,-0.009486618863220326,0.8505413336129691,0.0209769928109979,0.6769040295734593,0.8505413336129691
Aluminum,ONI_logprice,19,396,0.014997416805914935,0.7660709698475329,0.04663694740282362,0.35463646845909996,0.798669734521896
Aluminum,ONI_logprice,20,395,0.03790605131385783,0.4525020053944534,0.06998008110728153,0.1651001707082384,0.5039226878256413
Aluminum,ONI_logprice,21,394,0.058905502260850555,0.2433965660375422,0.08871871038111342,0.07859606782962016,0.29088857892291625
Aluminum,ONI_logprice,22,393,0.07765007438864324,0.12434952232320534,0.10149235880542276,0.04434726095718776,0.16034543667992268
Aluminum,ONI_logprice,23,392,0.09647954401198783,0.05631993735518677,0.11150161556368543,0.027282145566110076,0.07884791229726147
Aluminum,ONI_logprice,24,391,0.11346174073504034,0.024856389505002466,0.1199809448870364,0.017622611953888367,0.04461645567825695
Nickel,ONI_return,-24,390,0.02561400071143968,0.614054044292854,0.02348403740649014,0.64383199730586,0.8458131160599995
Nickel,ONI_return,-23,391,0.019908415853686346,0.6947316824334325,0.011213109460173398,0.8250753412205016,0.8510463109809548
Nickel,ONI_return,-22,392,0.00844652347084415,0.8676048819193188,-0.008808917252393855,0.8619801480111061,0.9241878090010135
Nickel,ONI_return,-21,393,-0.013226558376432208,0.7937975314696993,-0.03785502163832238,0.45426450810747987,0.9045599777212853
Nickel,ONI_return,-20,394,-0.05232578727089368,0.300180160221436,-0.0700134653493375,0.16543729070997718,0.5643049660666781
Nickel,ONI_return,-19,395,-0.08962054811826654,0.07522175214273166,-0.10514857007564535,0.036711544417823275,0.24572439033292343
Nickel,ONI_return,-18,396,-0.12229651741830211,0.014886690615182179,-0.12887871250614527,0.01025052880281446,0.08430798757921666
Nickel,ONI_return,-17,397,-0.14580135020800372,0.003597157196207425,-0.14189743595807214,0.004615405221646347,0.04406517565354096
Nickel,ONI_return,-16,398,-0.15303435393982806,0.002202489435004425,-0.14749519807219774,0.0031837884847775665,0.04276240317880763
Nickel,ONI_return,-15,399,-0.16209346954170972,0.001157426307231981,-0.15108250173003301,0.0024798520521603215,0.04276240317880763
Nickel,ONI_return,-14,400,-0.15008385714975903,0.002618106317069855,-0.14982381123908908,0.0026639205761667924,0.04276240317880763
Nickel,ONI_return,-13,401,-0.1354508351102567,0.006598352349149576,-0.14604873976246183,0.0033762644337488757,0.06466385302166584
Nickel,ONI_return,-12,402,-0.10541106064286433,0.03461845296216417,-0.12238346001459371,0.014073718784662166,0.13048493808815725
Nickel,ONI_return,-11,403,-0.07670748132254114,0.12420159637376368,-0.09002825817571543,0.07101860665583427,0.3203093801218116
Nickel,ONI_return,-10,404,-0.05671707197486396,0.2553784112990874,-0.061173817484620974,0.21985339571956045,0.5213975897356368
Nickel,ONI_return,-9,405,-0.03542659727789612,0.4771052218076303,-0.036223640860968014,0.4672430080783895,0.7337041325699821
Nickel,ONI_return,-8,406,-0.00918744910091592,0.8535780064851575,-0.020843318907699998,0.675412115092719,0.9241878090010135
Nickel,ONI_return,-7,407,0.013314452473638999,0.7888573430348906,-0.009698683051529338,0.8453409864769726,0.9045599777212853
Nickel,ONI_return,-6,408,0.023822402138002588,0.6313833254968507,-0.00793991601581908,0.872968582480795,0.8458131160599995
Nickel,ONI_return,-5,409,0.00559181506380186,0.9102349171218387,-0.029842923740186555,0.5472921677897311,0.9489683178504276
Nickel,ONI_return,-4,410,-0.020315323146555292,0.6817029715572105,-0.0476617093470228,0.3357097401045097,0.8510463109809548
Nickel,ONI_return,-3,411,-0.033820706469808524,0.4941272729552941,-0.05104095977486167,0.301940153449142,0.7337041325699821
Nickel,ONI_return,-2,412,-0.046372814516812674,0.3477765730725581,-0.04890451963313334,0.3220616954468443,0.5876224855363913
Nickel,ONI_return,-1,413,-0.0628540025734007,0.20240357459670935,-0.056785393353648926,0.24954830617104837,0.45080796160176173
Nickel,ONI_return,0,414,-0.07812681579281708,0.11245238867493071,-0.07387385113026898,0.13345469315113245,0.3061203913928669
Nickel,ONI_return,1,414,-0.08143069413831631,0.09800389459890657,-0.08563549978535552,0.08179677584420054,0.3001369272091514
Nickel,ONI_return,2,413,-0.07968731383232432,0.10585631625479201,-0.0895827688487173,0.06896068097570283,0.3051152644991064
Nickel,ONI_return,3,412,-0.06295165004119431,0.20225197257312588,-0.07454857425100637,0.13087097655916613,0.45080796160176173
Nickel,ONI_return,4,411,-0.040770285845474825,0.4097310747749233,-0.04606782626692082,0.35154871228161244,0.6692274221323747
Nickel,ONI_return,5,410,-0.022067858886046076,0.6559367022506118,-0.016871397802081422,0.7334039578302449,0.8458131160599995
Nickel,ONI_return,6,409,0.00203198296330325,0.9673209414369224,0.014054176339846448,0.7768915128874442,0.9740070712031651
Nickel,ONI_return,7,408,0.023268556099170876,0.6393389499794336,0.04181139125230109,0.3996055103491756,0.8458131160599995
Nickel,ONI_return,8,407,0.046941177648726747,0.344857598461071,0.06812614507985146,0.1701380657057865,0.5876224855363913
Nickel,ONI_return,9,406,0.0619926616318314,0.21259357796747816,0.07775508395290978,0.11775651615119556,0.4529167530611491
Nickel,ONI_return,10,405,0.054603963166029806,0.27294524203454845,0.07104750276243268,0.15352565164229817,0.534972674387715
Nickel,ONI_return,11,404,0.05053514743308043,0.3109435527306185,0.05843380758822615,0.24125031051562104,0.5643049660666781
Nickel,ONI_return,12,403,0.025023396195429173,0.6164701830360755,0.029341685387399008,0.5569840682171692,0.8458131160599995
Nickel,ONI_return,13,402,0.008612060576646565,0.8633299925499545,0.014050622662913771,0.7788248837981965,0.9241878090010135
Nickel,ONI_return,14,401,0.0016322150287592112,0.9740070712031651,0.012295865726584403,0.8060962788237978,0.9740070712031651
Nickel,ONI_return,15,400,0.014391122199931158,0.7741608938287745,0.039845341163025794,0.4267714207636123,0.9045599777212853
Nickel,ONI_return,16,399,0.03446514821067393,0.4924073932571699,0.06296007331580314,0.20950555933288084,0.7337041325699821
Nickel,ONI_return,17,398,0.06691338389268385,0.18279032373600224,0.09499524792749157,0.058295069858687674,0.44783629315320544
Nickel,ONI_return,18,397,0.10093847507359296,0.04443337819811238,0.12106524119843266,0.01580077099234905,0.15551682369339334
Nickel,ONI_return,19,396,0.12347489830798117,0.013941478037022982,0.13707280228518984,0.006295148494109639,0.08430798757921666
Nickel,ONI_return,20,395,0.12419986078605087,0.013504819032698578,0.1367868413468003,0.006473550569472412,0.08430798757921666
Nickel,ONI_return,21,394,0.12008151885254187,0.017097164050675184,0.13746375797952048,0.006278064897630534,0.08430798757921666
Nickel,ONI_return,22,393,0.11522541942650108,0.022336696938461013,0.1303529744918948,0.009682617143747341,0.09120817916538247
Nickel,ONI_return,23,392,0.11850085100894214,0.018926282925946596,0.1292566556043244,0.010415121327283866,0.08430798757921666
Nickel,ONI_return,24,391,0.11878872986389864,0.01878855130287841,0.12821230638636164,0.011161594645442209,0.08430798757921666
Nickel,dONI_return,-24,390,0.0223214973716205,0.6603325646641343,0.020434569640131753,0.6874654002987504,0.76358420051864
Nickel,dONI_return,-23,391,0.04412701320383399,0.38419902483336055,0.0545926852679528,0.28154839561758477,0.5113837137061189
Nickel,dONI_return,-22,392,0.09887737883203498,0.05043964987015833,0.09788165586810603,0.05281612776478418,0.20181433666790727
Nickel,dONI_return,-21,393,0.1419836202287952,0.00480161768935823,0.11816867225650364,0.019111108265892175,0.10688418040776532
Nickel,dONI_return,-20,394,0.14747797327659767,0.003345022073310225,0.13896096907177333,0.005728158609377304,0.10688418040776532
Nickel,dONI_return,-19,395,0.13259129330763125,0.008327186730467048,0.10183607962432219,0.04309384752567814,0.10688418040776532
Nickel,dONI_return,-18,396,0.09452898351624345,0.06019442425615308,0.07283517473422377,0.14796919741622677,0.20819341085388224
Nickel,dONI_return,-17,397,0.04361153730546341,0.3861468858597224,0.03863484814259803,0.4426932252239424,0.5113837137061189
Nickel,dONI_return,-16,398,0.021420005383055087,0.670084094332684,0.019707602689155397,0.6950826667752286,0.76358420051864
Nickel,dONI_return,-15,399,-0.045354607083417334,0.366217988329036,-0.056204509000152246,0.2626935337584423,0.5113837137061189
Nickel,dONI_return,-14,400,-0.06658447219096779,0.18384890696767298,-0.05858398412602581,0.24239671613934027,0.3589961916007394
Nickel,dONI_return,-13,401,-0.12280007987213322,0.013866119148532603,-0.09138137615246894,0.06754585787640113,0.11323997304634958
Nickel,dONI_return,-12,402,-0.11945933359351356,0.01656240583592518,-0.0953586041744197,0.05608999712659013,0.11593684085147625
Nickel,dONI_return,-11,403,-0.07929310259510004,0.11197984587274654,-0.06667431462291452,0.18161243304045047,0.274350622388229
Nickel,dONI_return,-10,404,-0.08761016664014074,0.07859964638649378,-0.07346860190989857,0.14044986453739514,0.21396570405212192
Nickel,dONI_return,-9,405,-0.11557469654206932,0.01999145648570547,-0.08500288662305429,0.08755175042831148,0.12244767097494601
Nickel,dONI_return,-8,406,-0.08836843811351881,0.07531099202933714,-0.06138347893008326,0.21713080223892955,0.21396570405212192
Nickel,dONI_return,-7,407,0.004970058493510378,0.920376563395442,0.023462502616754692,0.6369643650484216,0.920376563395442
Nickel,dONI_return,-6,408,0.06496120167925722,0.19036175133879615,0.08437255901112044,0.08874609135649851,0.3589961916007394
Nickel,dONI_return,-5,409,0.10301830766184801,0.0372891783598915,0.1001790552902161,0.04287848260425473,0.20181433666790727
Nickel,dONI_return,-4,410,0.06676484538760673,0.17725232724704515,0.039532005073474506,0.42467881618151293,0.3589961916007394
Nickel,dONI_return,-3,411,0.06470437184420556,0.19048777513508625,0.031141433133061648,0.5289796370959027,0.3589961916007394
Nickel,dONI_return,-2,412,0.04922547773231021,0.31889231432933046,0.019791118216995928,0.688762836983065,0.4931623814742324
Nickel,dONI_return,-1,413,0.04779476421638852,0.33258794392714686,0.01225226052594716,0.803940977722206,0.49384270461909685
Nickel,dONI_return,0,414,0.012904621355572457,0.7934854969159021,-0.01892116140301759,0.7010829382051037,0.8141711964012062
Nickel,dONI_return,1,413,-0.018515275246723518,0.7075365808891183,-0.05697820009054468,0.24794175491055212,0.7879384650810636
Nickel,dONI_return,2,412,-0.055249346667766944,0.26318841172900465,-0.08481432232528546,0.08553945834107889,0.46057972052575813
Nickel,dONI_return,3,411,-0.09078626635276509,0.06595706528673768,-0.12536803618811973,0.01096204763627697,0.20819341085388224
Nickel,dONI_return,4,410,-0.07444910928429824,0.132332735167035,-0.11281607725830922,0.022331869502011617,0.308776382056415
Nickel,dONI_return,5,409,-0.09553197094611487,0.0535425791159754,-0.12663953621157534,0.010358782743596277,0.20181433666790727
Nickel,dONI_return,6,408,-0.0979186417002446,0.04809325079787837,-0.10271924763410592,0.038083939597782314,0.20181433666790727
Nickel,dONI_return,7,407,-0.09056085646995757,0.06798152191147175,-0.07079231497603769,0.15399025383243128,0.20819341085388224
Nickel,dONI_return,8,406,-0.049994193586530906,0.31495573760231416,-0.0199678236201613,0.6883170498414999,0.4931623814742324
Nickel,dONI_return,9,405,0.05300429417327638,0.2872643383219029,0.06397257360781371,0.19887604626005775,0.48537767509562907
Nickel,dONI_return,10,404,0.04711997358959421,0.34481716169774707,0.06089120528671755,0.22199541575281573,0.496942380093812
Nickel,dONI_return,11,403,0.10038821068362846,0.04399799025308288,0.0898491385132374,0.07158444566846874,0.20181433666790727
Nickel,dONI_return,12,402,0.061124569196587854,0.22137831803942823,0.05399320107582531,0.28015230753156894,0.40176065125674015
Nickel,dONI_return,13,401,0.02567723503187801,0.6081852299417396,0.033584141213254946,0.5024679293055709,0.76358420051864
Nickel,dONI_return,14,400,-0.04963595227166395,0.322065228717866,-0.03656964690198041,0.4657887969206564,0.4931623814742324
Nickel,dONI_return,15,399,-0.0835980712330516,0.09540484541378541,-0.0714805651102452,0.15410889175330383,0.24604407501449924
Nickel,dONI_return,16,398,-0.12629072045403505,0.011679869897818001,-0.1290612346900942,0.009953136417967252,0.11323997304634958
Nickel,dONI_return,17,397,-0.13146910674628492,0.008725239216960433,-0.13970853564600466,0.0052939047744389595,0.10688418040776532
Nickel,dONI_return,18,396,-0.07053772020357091,0.161216695991572,-0.07017050595896739,0.16341435232403623,0.3589961916007394
Nickel,dONI_return,19,395,0.013360978823859598,0.7912294350321559,0.007720528592465606,0.8784310301735896,0.8141711964012062
Nickel,dONI_return,20,394,0.03778360040505929,0.45454022348177836,0.02908233403346154,0.5649156741828225,0.5861176565949248
Nickel,dONI_return,21,393,0.01643133886614833,0.7453907698694753,0.014172638756429384,0.7794155685143013,0.8116477271912064
Nickel,dONI_return,22,392,-0.02201843702886452,0.663850372115681,0.0033487135208618885,0.9473064907444985,0.76358420051864
Nickel,dONI_return,23,391,-0.023659589984795913,0.6409252396068403,-0.02192765813598173,0.6655559852503634,0.76358420051864
Nickel,dONI_return,24,390,-0.013030267756946514,0.7975554576991407,-0.024757854654029545,0.6259509585174887,0.8141711964012062
Nickel,ONI_logprice,-24,391,0.08758210723076311,0.08370099282092952,0.08175079876101062,0.10651777814323203,0.11153263545389362
Nickel,ONI_logprice,-23,392,0.08994581343928867,0.0752797485668157,0.08441952148727151,0.09510466141227153,0.10849140234629322
Nickel,ONI_logprice,-22,393,0.09062113846540269,0.07273891214362287,0.0848336068161494,0.09306780437241802,0.10800626348598548
Nickel,ONI_logprice,-21,394,0.08809460931474548,0.08072946597546177,0.07976382136071417,0.11393389382524916,0.11153263545389362
Nickel,ONI_logprice,-20,395,0.07982059393110708,0.11321568735917029,0.06767528454338129,0.1794999200084679,0.14224535078459857
Nickel,ONI_logprice,-19,396,0.06605898287378256,0.18957584442681305,0.048595329945374126,0.33477132422266803,0.2265662530954595
Nickel,ONI_logprice,-18,397,0.047222072060895445,0.3480132380166082,0.02426353003061179,0.6298102243039273,0.3875601968821319
Nickel,ONI_logprice,-17,398,0.024126689815289887,0.6313113584081897,-0.0026972307668863284,0.957221638298906,0.644463678375027
Nickel,ONI_logprice,-16,399,-0.000545823417556237,0.9913282754096315,-0.029972986787607382,0.5505302722752781,0.9913282754096315
Nickel,ONI_logprice,-15,400,-0.02626097914599944,0.6005107086691163,-0.056003981434129234,0.263801313550473,0.6286305051795726
Nickel,ONI_logprice,-14,401,-0.0496584091574203,0.3212381578312149,-0.08028170002912524,0.10844691089037282,0.3660620868309193
Nickel,ONI_logprice,-13,402,-0.07036965893259498,0.1590540630478386,-0.10295838707522345,0.03907772940466431,0.19484122723360225
Nickel,ONI_logprice,-12,403,-0.08612153426733878,0.08421852064885844,-0.12161801091604618,0.014567533878316143,0.11153263545389362
Nickel,ONI_logprice,-11,404,-0.09737414557541134,0.050490878098969974,-0.13524235853717517,0.006480309529598492,0.07731415708904778
Nickel,ONI_logprice,-10,405,-0.10513347739050784,0.034421791644621016,-0.14274523833542094,0.003994847823567202,0.056222259686214325
Nickel,ONI_logprice,-9,406,-0.10975544453182405,0.02700973726512952,-0.14545470910041605,0.0033094280581713173,0.0501314701321827
Nickel,ONI_logprice,-8,407,-0.11079389194359675,0.025404635404428912,-0.14429440082431125,0.0035300950671088936,0.04979308539268067
Nickel,ONI_logprice,-7,408,-0.10905376647486809,0.02762346313405985,-0.14048734772317853,0.004467536578907778,0.0501314701321827
Nickel,ONI_logprice,-6,409,-0.10647670540047251,0.031327230141257725,-0.13523833095164456,0.006157949284922609,0.0529322164455734
Nickel,ONI_logprice,-5,410,-0.10734993330745013,0.029756398290656797,-0.13363489020540933,0.006732313766584731,0.052073697008649396
Nickel,ONI_logprice,-4,411,-0.1129747232469484,0.021979937029022106,-0.1353960550961802,0.005973857637434629,0.0448757047675868
Nickel,ONI_logprice,-3,412,-0.12098380870581091,0.01399956734636623,-0.1382263170122432,0.004943887170108026,0.03118085454417933
Nickel,ONI_logprice,-2,413,-0.1309842830925035,0.0076910613249349235,-0.14208667339228348,0.0038099313950225055,0.01794580975818149
Nickel,ONI_logprice,-1,414,-0.14358394571256414,0.003413112631105124,-0.14863036902967147,0.002430246046225613,0.008802237838113215
Nickel,ONI_logprice,0,415,-0.15838936015685345,0.0012063980501634604,-0.15945946095710986,0.0011160155523940562,0.0034772649681182096
Nickel,ONI_logprice,1,414,-0.17458849287048506,0.0003582667072920906,-0.17426854802185252,0.00036745786004238666,0.0017555068657312438
Nickel,ONI_logprice,2,413,-0.1895339339691881,0.00010649665858319036,-0.19008069651018408,0.00010162461760931226,0.0007262611450055345
Nickel,ONI_logprice,3,412,-0.2008599610112977,4.016104855118274e-05,-0.20407077729013587,2.9982318071456724e-05,0.0003935782758015908
Nickel,ONI_logprice,4,411,-0.20804308063558086,2.1239403897594506e-05,-0.21294022274487115,1.3376602343377843e-05,0.0002959665179758617
Nickel,ONI_logprice,5,410,-0.21169935312263075,1.5420979349477533e-05,-0.21654749640401172,9.690474137894176e-06,0.0002959665179758617
Nickel,ONI_logprice,6,409,-0.21129788103671476,1.6406619600737344e-05,-0.2143388073855629,1.2289602012095909e-05,0.0002959665179758617
Nickel,ONI_logprice,7,408,-0.20740389138833393,2.4160532079662176e-05,-0.20744433993374292,2.407042060359721e-05,0.0002959665179758617
Nickel,ONI_logprice,8,407,-0.19974322755411514,4.94434248762454e-05,-0.19695137043915678,6.324251296612848e-05,0.00040378796982267075
Nickel,ONI_logprice,9,406,-0.189870440537945,0.00011857324816416888,-0.1845249546043863,0.0001849260422132778,0.0007262611450055345
Nickel,ONI_logprice,10,405,-0.1811711261176721,0.00024723832778916657,-0.1721966081031251,0.0005000802647070834,0.0013460753401854624
Nickel,ONI_logprice,11,404,-0.1734765206413996,0.00046069973657812663,-0.1609364701125837,0.0011706208637273124,0.002052207917484382
Nickel,ONI_logprice,12,403,-0.16966897571212225,0.0006254478097698277,-0.15388157502020353,0.0019481320349375045,0.0024325137531019973
Nickel,ONI_logprice,13,402,-0.1685773234137178,0.0006894029382296509,-0.14948205551016103,0.0026586723559291897,0.0024325137531019973
Nickel,ONI_logprice,14,401,-0.16867700494003182,0.0006950039294577135,-0.14671783625512552,0.003231610508072699,0.0024325137531019973
Nickel,ONI_logprice,15,400,-0.16687555661508457,0.0008063960278825258,-0.14132629341800154,0.0046271304758479384,0.002634227024416251
Nickel,ONI_logprice,16,399,-0.1620404821931257,0.001161813900007961,-0.1339749910084956,0.007365653330094168,0.0034772649681182096
Nickel,ONI_logprice,17,398,-0.15215950999629282,0.002336360423518661,-0.12344409704735516,0.01372472197427007,0.006360092264023022
Nickel,ONI_logprice,18,397,-0.13696422288708474,0.006270702049617596,-0.10924842426945995,0.02952433097898,0.01536322002156311
Nickel,ONI_logprice,19,396,-0.11793677456002706,0.018890140813315217,-0.09260572817885146,0.06562699039150265,0.040244213037062854
Nickel,ONI_logprice,20,395,-0.09886860585174619,0.04958107575597275,-0.07729396936310227,0.12512466879182463,0.07731415708904778
Nickel,ONI_logprice,21,394,-0.08050121520552321,0.11061906275159396,-0.0638247559740227,0.20617645784216862,0.14224535078459857
Nickel,ONI_logprice,22,393,-0.06283522392648819,0.21389714204404814,-0.05207395036700147,0.3031337947620005,0.24954666571805617
Nickel,ONI_logprice,23,392,-0.04463232169942628,0.3781597177555277,-0.04000539417153926,0.42961350599866016,0.4117739148893524
Nickel,ONI_logprice,24,391,-0.02638405938622947,0.6029721172130594,-0.027226826569425076,0.5914392964544183,0.6286305051795726
