ticker,company_name,role,cat_exposed,property_insurance,first_date,last_date,daily_rows,monthly_n,coverage_ratio,severe_months_n,quality,corr_oni_r,corr_oni_p,corr_doni_r,corr_doni_p,corr_available_r,corr_available_p,hac_slope,hac_p,corr_market_relative_r,corr_market_relative_p,mean_severe_return,median_severe_return,mean_other_return,severe_minus_other,severe_welch_p,severe_hac_p,mean_severe_market_relative,hac_q_bh,severe_q_bh
AAGIY,AIA Group Limited,Direct insurer,No,No,2021-12-31,2026-09-11,1171,55,1.0,7,Limited,-0.16248378313066764,0.23592653780388348,0.011452860369875799,0.9338607121140292,-0.12961734120067253,0.3455911185081253,-0.013994187978374881,0.07480686328429487,-0.22661911063214296,0.09615772509897509,-0.0017785854455597391,0.007527539887543178,0.00032411493635547034,-0.0021027003819152094,0.9517607572736602,0.9285619598538949,-0.019058865841449384,0.7556443738804246,0.985069022271923
ACGL,Arch Capital Group Ltd.,Insurer and reinsurer,Yes,Yes,2003-09-10,2026-09-11,5788,274,1.0,17,Usable,-0.0014494877436744477,0.9809454439335655,0.022379498721213947,0.7122773531050733,0.0030315597636685968,0.9601606814939544,0.00022033286243867072,0.954952261198885,-0.026418775572470736,0.6632827543077199,0.010902631484996431,0.019141875336436964,0.012154558759311063,-0.0012519272743146317,0.9308504573650589,0.8965992398369151,0.0065760451386416546,0.989393146685548,0.985069022271923
AFG,"American Financial Group, Inc.",Direct insurer,Yes,Yes,2003-09-10,2026-09-11,5788,274,1.0,17,Usable,-0.019449784913424986,0.7485819770236463,0.06339407424099631,0.29573954640914457,-0.03589619574074581,0.5540769000843461,-0.002752406322026259,0.526223890452552,-0.07958059501464929,0.1890633810131737,0.008940668142723892,0.01262083700426686,0.008279039969433605,0.0006616281732902875,0.9418221226875124,0.9387302541579329,0.004614081796369116,0.8593502577676504,0.985069022271923
AIG,"American International Group, Inc.",Direct insurer,Yes,Yes,2003-09-10,2026-09-11,5788,274,1.0,17,Usable,0.02469633972275804,0.6840150612322543,0.00021320264347914064,0.9971970390748239,0.05673916879377864,0.34944793561669263,0.01371229287841883,0.3274129476252411,0.052627948744561594,0.38552216778019077,-0.003361522624869394,0.025646167352584293,-0.008567668059288566,0.005206145434419171,0.8256260741614304,0.8129450958973145,-0.0076881089712241705,0.8593502577676504,0.985069022271923
AIZ,"Assurant, Inc.",Direct insurer,Yes,Yes,2004-02-05,2026-09-11,5686,269,1.0,17,Usable,0.06649520532079033,0.277157510404789,0.03286166336703856,0.5915395052058398,0.069893283132566,0.253290114154878,0.007019277330610357,0.1119473146489518,0.05925500536096204,0.33295468105145765,0.021436447889216732,0.03139662394017684,0.00801359816406036,0.013422849725156373,0.393717703066788,0.3132979415167059,0.017109861542861954,0.7556443738804246,0.7363893962630135
ALIZY,Allianz SE,Insurer and reinsurer,Yes,Yes,2021-12-31,2026-09-11,1171,55,1.0,7,Limited,0.11617992088739935,0.39828462392405484,0.07416291745537748,0.5904970599135919,0.09224731596880602,0.5029589678031271,0.007637185841855212,0.4436953182595699,-0.05769947354886225,0.67563199758951,0.024790179832551638,0.02741927978738401,0.011916871635534195,0.012873308197017442,0.48754642485609995,0.3869094781483818,0.007509899436661994,0.8593502577676504,0.7738189562967636
ALL,The Allstate Corporation,Direct insurer,Yes,Yes,2003-09-10,2026-09-11,5788,274,1.0,17,Usable,0.11169247898157114,0.06486782372956265,0.10579849783290562,0.08043284952153042,0.04984306030954601,0.4111972576829499,0.0046200973026326725,0.29004643428600146,0.033258930266014265,0.5835764883204793,0.03088063358181345,0.03284667152019871,0.0056542703340346995,0.02522636324777875,0.15758660465379126,0.15760912587007583,0.026554047235458674,0.8593502577676504,0.5055465839797466
AXAHY,AXA SA,Insurer and reinsurer,Yes,Yes,2021-12-31,2026-09-11,1171,55,1.0,7,Limited,0.10656571848552111,0.43871272874664335,0.08130365814181403,0.5551283461829832,0.0536099790059375,0.6974758940242282,0.004477103584390797,0.6365857737590142,-0.09592075091738486,0.4860300576675346,0.0281419445142734,0.030578627105493972,0.007435320054954971,0.02070662445931843,0.17829010183050117,0.1416339129207957,0.010861664118383756,0.8593502577676504,0.5055465839797466
AXS,AXIS Capital Holdings Limited,Insurer and reinsurer,Yes,Yes,2003-09-10,2026-09-11,5788,274,1.0,17,Usable,0.002060853414516471,0.9729112195956651,-0.009311047210012122,0.8780639395500307,0.0349804452620833,0.5642375593693337,0.0029050562294807556,0.48298329267554285,0.01140557469838143,0.850924579833934,0.0060549687468790985,0.005198674909237866,0.0052030935553838,0.0008518751914952981,0.9231408259438378,0.9144963717759718,0.0017283824005243217,0.8593502577676504,0.985069022271923
BAP,Credicorp Ltd. (via Pacifico Seguros),Insurance holding subsidiary,Yes,Yes,2003-09-10,2026-09-11,5781,274,1.0,17,Usable,0.005098556597014373,0.9330478091709843,-0.030781279152625005,0.6119361185785146,0.05626101008119371,0.3535305321454685,0.006170205013174879,0.3365930027758961,0.04256763565222055,0.4828559101576607,0.014927952063164022,0.004551087738740911,0.013371802407802537,0.0015561496553614853,0.9492978540289075,0.9485849844099999,0.010601365716809245,0.8593502577676504,0.985069022271923
BBD,Banco Bradesco S.A. (via Bradesco Seguros),Insurance holding subsidiary,Yes,Yes,2003-09-10,2026-09-11,5788,274,1.0,17,Usable,-0.0266704330142008,0.6602745394824372,0.026329802976439467,0.6643475942797497,0.011717519407957268,0.846896806831537,0.0017584261177032842,0.8611836451284157,-0.0023037056100285863,0.969720505600454,-0.014601243646187834,-0.021277398447284934,0.007577604506971395,-0.02217884815315923,0.53934233218919,0.5442073045276244,-0.01892782999254261,0.930078336738689,0.910041947452692
BBSEY,BB Seguridade Participacoes S.A.,Insurance holding company,Yes,Yes,2021-12-31,2026-09-11,1170,55,1.0,7,Limited,-0.10303544539426698,0.45411293513173157,0.16922699637697622,0.21678367259298267,-0.17680620343381048,0.19659510359857468,-0.016234967185458728,0.04444923608832015,-0.3010182507424911,0.025535032897960167,0.022724224054257083,0.010093813169218757,0.013277181378551953,0.00944704267570513,0.6854189146784232,0.518681739353976,0.005443943658367438,0.6000646871923221,0.9035101266166033
BCH,Banco de Chile (insurance brokerage/distribution),Bancassurance distributor,Limited,Yes,2003-09-10,2026-09-11,5761,274,1.0,17,Usable,-0.03672741348086087,0.5449319601214978,-0.009377899495175292,0.8771953354868585,0.014555396814373511,0.8104497018860092,0.001290309903172987,0.7385519964056081,-0.009088981235137704,0.8809502595855622,0.011458911238716256,0.013766195764147948,0.006548999870574587,0.0049099113681416685,0.6776777974655368,0.5729893743220653,0.007132324892361479,0.8825890005359378,0.910041947452692
BSAC,Banco Santander-Chile (insurance distribution),Bancassurance distributor,Limited,Yes,2012-04-12,2026-09-11,3625,171,1.0,15,Usable,-0.10006722432001658,0.19284047154560138,-0.028636136783447105,0.7100449131340224,-0.05503778830861164,0.4746239917329831,-0.005213393042476205,0.41778948097436847,-0.07097120683395232,0.35630656665255583,0.00220431821641555,-0.020040750883446368,0.00039247984502561897,0.0018118383713899308,0.9173438978741577,0.8949061799215782,-0.0042636592802791345,0.8593502577676504,0.985069022271923
CB,Chubb Limited,Direct insurer,Yes,Yes,2003-09-10,2026-09-11,5788,274,1.0,17,Usable,0.026684643502952736,0.6601048350310424,-0.006465123739553722,0.9151628780516708,0.04064914673924917,0.5028169787985175,0.0028148617982769204,0.34164867660337356,0.012103682667890261,0.8419162528792209,0.020987873391721007,0.026860494981585603,0.007798254509360456,0.013189618882360551,0.20970012198190202,0.08820508131811775,0.016661287045366232,0.8593502577676504,0.5055465839797466
CHPXY,"China Pacific Insurance (Group) Co., Ltd.",Insurance holding company,Yes,Yes,2022-01-07,2022-06-13,7,1,0.6666666666666666,0,Insufficient,,,,,,,,,,,,,-0.12928510174307162,,,,,,
CINF,Cincinnati Financial Corporation,Direct insurer,Yes,Yes,2003-09-10,2026-09-11,5788,274,1.0,17,Usable,0.057627118267542146,0.3419458006869438,0.013741186653392131,0.8208685921059657,0.08367936708821201,0.16720787290084813,0.006678262428344999,0.1960046205867739,0.06416277510283402,0.2899103444245729,0.013876669508079838,0.014504951851194825,0.004884051921536492,0.008992617586543347,0.46582507623598635,0.3367893610439683,0.009550083161725061,0.8407694815056985,0.7577760623489286
CNA,CNA Financial Corporation,Direct insurer,Yes,Yes,2003-09-10,2026-09-11,5788,274,1.0,17,Usable,0.05893107274662389,0.3311161385444195,0.07140272467226373,0.23878614387648345,0.02420540764531669,0.6899687176232523,0.0024799815207017907,0.6705138267519242,0.005050872412408952,0.9336725354872455,0.0006763586997893256,0.004263388741050811,0.003514665814604657,-0.0028383071148153313,0.8591465691553901,0.8412381553395295,-0.0036502276465654507,0.8593502577676504,0.985069022271923
EG,"Everest Group, Ltd.",Insurer and reinsurer,Yes,Yes,2003-09-10,2026-09-11,5788,274,1.0,17,Usable,0.002453541272543436,0.9677521266579339,0.08924686728515392,0.14061986105373875,-0.022886630955648607,0.7060557205056875,-0.0016284095808967386,0.6745911023623479,-0.053139687209381385,0.3809124573613394,0.008904384878122298,0.026360013055695575,0.005656276533280247,0.003248108344842051,0.8155663057843733,0.7241229232217146,0.004577798531767521,0.8593502577676504,0.985069022271923
FRFHF,Fairfax Financial Holdings Limited,Insurance holding company,Yes,Yes,2021-12-31,2026-09-11,1171,55,1.0,7,Limited,0.10850369678706312,0.4303841993128706,0.02875580267742571,0.8349139475291841,0.09493077470924308,0.4905626486440048,0.0068351684427330195,0.3157500382441034,-0.07306046670869407,0.5960460700424901,0.0384196512694165,0.015705076527311235,0.01983520264876711,0.018584448620649393,0.4251288063790698,0.25143877563401723,0.02113937087352686,0.8593502577676504,0.6788846942118465
GIVSY,Grupo de Inversiones Suramericana S.A. (via Seguros SURA),Insurance holding company,Yes,Yes,2022-01-05,2026-08-25,25,2,0.19642857142857142,0,Insufficient,,,,,,,,,,,,,0.09288195049246362,,,,,,
GWLIF,Great-West Lifeco Inc.,Insurance holding company,No,No,2021-12-31,2026-09-11,1087,55,1.0,7,Limited,0.1477175499243743,0.2818119356935987,0.3407567055492904,0.010903836334811099,-0.004117725382949355,0.9761974026617009,-0.0002967993723643949,0.9779778325682468,-0.18846946298787015,0.16820089196120683,0.015762138643121353,0.011706572232160095,0.014218631425562511,0.001543507217558842,0.9582092740100835,0.9347494475039887,-0.0015181417527682889,0.989393146685548,0.985069022271923
HCI,"HCI Group, Inc.",Direct insurer,Yes,Yes,2012-10-25,2026-09-11,3488,165,1.0,15,Usable,0.004067694314671008,0.9586454506838791,0.14507874532365156,0.06299144702352834,-0.07294472158382756,0.3517967933186763,-0.01073407819770305,0.41108943011635807,-0.08427502538475079,0.28182959420075215,0.02038107261547942,0.01877902168522594,0.011726898246917604,0.008654174368561817,0.7940354896698113,0.8121468150862922,0.013913095118784736,0.8593502577676504,0.985069022271923
HIG,"The Hartford Financial Services Group, Inc.",Direct insurer,Yes,Yes,2003-09-10,2026-09-11,5788,274,1.0,17,Usable,0.06060176105626543,0.3175667909632561,0.06102569250927673,0.31418701382275077,0.04090332003678734,0.500147722985541,0.006988414928757327,0.38341735869741106,0.03394787644717782,0.5758002858283116,0.01801010564545687,0.028007381286527355,0.002668229410536933,0.015341876234919938,0.3295149975590535,0.37954442455591575,0.013683519299102094,0.8593502577676504,0.7738189562967636
HVRRY,Hannover Rueck SE,Reinsurer,Yes,Yes,2021-12-31,2026-09-11,1139,55,1.0,7,Limited,0.07751730081895476,0.5737571398524808,0.06557142839516344,0.6343354175749278,0.05735052581754789,0.6774858797816972,0.004142749344373479,0.65837577341997,-0.09170687487948442,0.5054748554481655,0.030854998026262744,0.029184732400083124,0.004653014909481112,0.02620198311678163,0.07820341447337355,0.022114361517555407,0.013574717630373101,0.8593502577676504,0.5055465839797466
IAUGY,Insurance Australia Group Limited,Direct insurer,Yes,Yes,2022-01-03,2026-09-10,634,54,1.0,7,Limited,0.06323429388742793,0.6496435153640352,0.01835350868087257,0.8952014800747252,0.05444801129840576,0.695769346913381,0.004859280403209651,0.41006772368517513,-0.06980990993451139,0.6159452976124903,-0.005234936572060026,-0.014737755235668448,0.014003907852485729,-0.019238844424545754,0.4239609324246548,0.2988157145695763,-0.02251521696794967,0.8593502577676504,0.7363893962630135
IFCZF,Intact Financial Corporation,Insurer and reinsurer,Yes,Yes,2021-12-31,2026-09-11,834,55,1.0,7,Limited,0.06837952785013465,0.6198594531761666,0.06378938970997262,0.6435933997912848,0.056594407122596835,0.6815094751263578,0.0034423209674153904,0.43529876115734106,-0.123094723575548,0.37060624369322476,0.020093841254691824,0.030614964710554915,0.005840523527554431,0.014253317727137393,0.5533351297143531,0.37972231682020435,0.002813560858802181,0.8593502577676504,0.7738189562967636
IFS,Intercorp Financial Services Inc. (via Interseguro),Insurance holding subsidiary,No,Limited,2004-05-07,2026-09-11,2632,123,0.4721189591078067,7,Insufficient,-0.049530065001333314,0.5864137133458437,-0.039199715322103625,0.6668520015038867,0.028434658459393553,0.7548894141174344,0.004443652580256333,0.7401264361083177,-0.0012916570355638174,0.988687247189485,0.02579585061256002,0.023424338130344502,0.009854974917472777,0.01594087569508724,0.7277067754022943,0.7285705005437644,0.008515570216670376,,
ITUB,Itau Unibanco Holding S.A. (insurance operations),Insurance holding subsidiary,Yes,Yes,2009-05-20,2026-09-11,4355,206,1.0,17,Usable,-0.03135100897125438,0.6546270217071541,0.03294909471624095,0.6382417576405122,0.0008564356285037621,0.9902521929199558,0.0001140686063754075,0.9893931466855481,0.007258721146359365,0.9175267343745567,0.005297207550440393,0.0016036590613475177,0.0014627760882343647,0.003834431462206028,0.8989969203557301,0.8891291268289416,0.000970621204085616,0.989393146685548,0.985069022271923
KNSL,"Kinsale Capital Group, Inc.",Direct insurer,Yes,Yes,2016-07-28,2026-09-11,2545,120,1.0,7,Usable,0.027220797361641926,0.7679003269168051,-0.12702229274038218,0.1668175953830199,0.11669786809549035,0.204326110292233,0.016927564808620132,0.19307229027525463,0.09138569131037735,0.3208654996786579,0.048002136166430835,0.04734733237292321,0.023317119355663912,0.024685016810766923,0.6864343266335804,0.6742907693131678,0.03072185577054119,0.8407694815056985,0.985069022271923
LFCHY,China Life Insurance Company Limited,Direct insurer,No,No,2022-09-02,2022-11-10,47,2,1.0,0,Insufficient,,,,,,,,,,,,,-0.010358936251873563,,,,,,
LMND,"Lemonade, Inc.",Direct insurer,Yes,Yes,2020-07-02,2026-09-11,1556,72,1.0,7,Usable,0.007366772305854197,0.9510279508421156,-0.06925091115909249,0.5632479191814992,0.09623737740608171,0.4212938671113912,0.029335801021152,0.17298833404986177,0.07476146654719416,0.5325329927305056,-0.018829446309123515,-0.06030195442993014,-0.0008322607744134668,-0.01799718553471005,0.8576624806317493,0.8114022110400249,-0.03610972670501316,0.8407694815056985,0.985069022271923
MCY,Mercury General Corporation,Direct insurer,Yes,Yes,2003-09-10,2026-09-11,5788,274,1.0,17,Usable,0.1314478213942815,0.029603989579216027,0.035116706670893616,0.5627200445499513,0.10383071339713153,0.08625607984430436,0.009347170607295511,0.10793985500013396,0.08732841532265498,0.14938995210317763,0.032558096901096685,0.004678589988302839,0.0012400795443333272,0.03131801735676336,0.1643704946522424,0.17026916627632674,0.028231510554741907,0.7556443738804246,0.5108074988289801
MET,"MetLife, Inc.",Direct insurer,No,Limited,2003-09-10,2026-09-11,5788,274,1.0,17,Usable,0.02611749184010671,0.6668912924690938,0.06003052133123657,0.3221583224511162,0.00617608726536998,0.9189423861918028,0.0006852891063223847,0.9004700001682131,-0.01678181606338154,0.7821348700705751,0.0010911291920905342,0.0060405764001005835,0.004720480987717821,-0.0036293517956272866,0.8438344572059239,0.8257386560431256,-0.003235457154264242,0.9534388237075198,0.985069022271923
MFC,Manulife Financial Corporation,Direct insurer,No,No,2003-09-10,2026-09-11,5788,274,1.0,17,Usable,-1.6196574922563989e-06,0.999978706427486,0.08772872167889864,0.14752652684053028,-0.02777409564084581,0.6471467039752146,-0.003294149012563943,0.6077631637698334,-0.059213139647298026,0.32880284725398834,0.009722201385411544,0.0,0.00372828064848635,0.005993920736925194,0.7443161428702595,0.7565590824951838,0.0053956150390567685,0.8593502577676504,0.985069022271923
MKL,Markel Group Inc.,Insurer and reinsurer,Yes,Yes,2003-09-10,2026-09-11,5788,274,1.0,17,Usable,0.0582067112722645,0.3371046131975147,0.06186837890587604,0.30753884858235536,0.035774338141334586,0.5554238119358944,0.002382550875007771,0.5340059905329597,0.005313905822395083,0.9302269639070652,-0.0039899847886394006,-0.004357246314888208,0.007863237531940213,-0.011853222320579613,0.2680225275419902,0.1280607267330227,-0.008316571134994177,0.8593502577676504,0.5055465839797466
MPFRY,MAPFRE S.A.,Insurer and reinsurer,Yes,Yes,2022-01-26,2026-09-02,187,44,0.8947368421052632,5,Limited,-0.07653738765903259,0.6214464598033358,0.03326818172218596,0.8302487873706685,-0.03953540415712534,0.798879061844855,-0.0039603631981975085,0.7518350745306137,-0.12670651967563415,0.41244932175579785,-0.05500487144783337,-0.06987581491099237,0.019544170810758404,-0.07454904225859177,0.03978540140116639,7.926534577506827e-05,-0.06610484113583395,0.8825890005359378,0.004280328671853686
MURGY,Muenchener Rueckversicherungs-Gesellschaft AG (Munich Re),Reinsurer and primary insurer,Yes,Yes,2021-12-31,2026-09-11,1170,55,1.0,7,Limited,0.06451628402994869,0.6398104698832955,-0.0020663549681132487,0.9880541041022892,0.08991440354682621,0.5138650999353749,0.007553039002117214,0.4760101547358203,-0.05148666291209355,0.7089156819754306,0.035861462865784635,0.029376637651591153,0.009437505472017627,0.02642395739376701,0.17275630873438277,0.08936974734322788,0.018581182469894993,0.8593502577676504,0.5055465839797466
ODMTY,Old Mutual Limited,Insurance holding company,Limited,Yes,,,0,0,0.0,0,Insufficient,,,,,,,,,,,,,,,,,,,
PGR,The Progressive Corporation,Direct insurer,Yes,Yes,2003-09-10,2026-09-11,5788,274,1.0,17,Usable,0.10142127864292322,0.0938422869926685,0.04862943227329959,0.42269480371995816,0.07869920283513027,0.19402515546050642,0.0060987893200020364,0.09562852827608057,0.05429871182290234,0.3705971783318522,0.026372785739647985,0.03130245989416114,0.008000405610050929,0.018372380129597056,0.24817234939399208,0.15915355421584615,0.022046199393293206,0.7556443738804246,0.5055465839797466
PLMR,"Palomar Holdings, Inc.",Direct insurer,Yes,Yes,2019-04-17,2026-09-11,1861,87,1.0,7,Usable,0.20598473282118013,0.055608768315537176,-0.07289618708565962,0.5022271787291149,0.2517977943827063,0.0186383622560627,0.04420811259913052,0.0021369903845342825,0.2175389447573963,0.04296718232522242,0.0653501572637156,0.05689904182649297,0.018051106655238885,0.04729905060847671,0.2923285444321661,0.1470848941581326,0.04806987686782595,0.05769874038242563,0.5055465839797466
PNGAY,"Ping An Insurance (Group) Company of China, Ltd.",Insurance holding company,Yes,Yes,2021-12-31,2026-09-11,1171,55,1.0,7,Limited,-0.14252937835827384,0.29924267805817795,-0.08127442969314197,0.5552710426189811,-0.047522438031664845,0.7304435705534914,-0.00690505617010694,0.6351375457683227,-0.1278409377301928,0.3522979173223248,-0.02342047442018063,-0.058435866969008377,0.004227554469717444,-0.027648028889898073,0.48080696677588236,0.4830890085491483,-0.04070075481607027,0.8593502577676504,0.8708467548640412
PPCCY,PICC Property and Casualty Company Limited,Direct insurer,Yes,Yes,2021-12-31,2026-09-11,1088,55,1.0,7,Limited,0.07135110476204234,0.6046951843553177,-0.018614632441515323,0.8926983809255503,0.021353437152449473,0.8770250891770685,0.0019680054207357536,0.8311463227126258,-0.09752906410557147,0.4787135926721935,0.041632055359989116,0.044410095553890194,0.014159049834701065,0.02747300552528805,0.4666130964117536,0.31364733544535756,0.024351774964099477,0.9171293312044378,0.7363893962630135
PRU,"Prudential Financial, Inc.",Direct insurer,No,No,2003-09-10,2026-09-11,5788,274,1.0,17,Usable,0.0480287310165787,0.4284542605255872,0.07560634386894824,0.21218760702985032,0.02224583148403104,0.7139204147436137,0.002965216165757503,0.6666791754737935,0.008732735912371049,0.8855838572801225,0.0038326352808434393,0.0046115369945547435,0.00435377881089948,-0.0005211435300560411,0.9781142772586606,0.9753652896746713,-0.0004939510655113372,0.8593502577676504,0.9908696518989837
PUK,Prudential plc,Direct insurer,No,No,2003-09-10,2026-09-11,5788,274,1.0,17,Usable,-0.06017948338944422,0.32095685784758154,0.11660921633726773,0.05385712809003061,-0.07486213077139482,0.21673461550209328,-0.009014696149385494,0.15826266334355815,-0.11816794924597662,0.05070873380646348,-0.026440572620180285,-0.029076264081508985,0.004790004709221506,-0.03123057732940179,0.13380482436177457,0.05192159013229364,-0.030767158966535063,0.8407694815056985,0.5055465839797466
QBIEY,QBE Insurance Group Limited,Insurer and reinsurer,Yes,Yes,2021-12-31,2026-09-11,1170,55,1.0,7,Limited,0.03863224448773638,0.7794558357270267,0.11401130739762091,0.40720793058171734,-0.02288536895982546,0.868278330417475,-0.0016928373984133552,0.807566170312801,-0.18261372651529711,0.18205795040291511,0.0232332984499819,0.023868195019268068,0.011981717210327758,0.01125158123965414,0.5220014274067704,0.4186331594570425,0.005953018054092255,0.9171293312044378,0.807363950381439
RNR,RenaissanceRe Holdings Ltd.,Reinsurer,Yes,Yes,2003-09-10,2026-09-11,5788,274,1.0,17,Usable,0.03949015602562193,0.5150826502461149,0.06422483439623752,0.2894431163944632,0.03362230516971809,0.5794689752573903,0.0024910216121575863,0.48378245523109836,0.0054819255474918005,0.928026688064124,0.018606579791441175,0.010254638616312484,0.0063477869355904855,0.01225879285585069,0.39492124286490987,0.1217032471265712,0.0142799934450864,0.8593502577676504,0.5055465839797466
ROOT,"Root, Inc.",Direct insurer,Limited,Yes,2020-10-28,2026-09-11,1474,69,1.0,7,Usable,0.37907988329161885,0.0013174904144671825,-0.02868460710667882,0.8150102897402297,0.40037036817571514,0.0006526143914762252,0.14904093920986775,0.00012932944256738364,0.39287979067794476,0.0008400684939299224,0.14284105681017367,-0.03216412447855488,-0.04960168113817215,0.19244273794834582,0.4003413988458793,0.2424875559820537,0.12556077641428404,0.006983789898638716,0.6788846942118465
SGCFF,Sagicor Financial Company Ltd.,Insurance holding company,Yes,Yes,2022-01-31,2026-09-04,157,39,0.8596491228070176,7,Limited,-0.06360849752862863,0.7004591778963329,0.046662507697933425,0.7778822987772923,-0.044824589230848505,0.7864233501212878,-0.0048489046162466486,0.6988857026278679,-0.14111200726224332,0.39151569820584886,0.06393171551541034,0.07526248450054673,0.0084438413518831,0.05548787416352724,0.11255964021294985,0.059596255834952976,0.0466514351195207,0.8593502577676504,0.5055465839797466
SIGI,"Selective Insurance Group, Inc.",Direct insurer,Yes,Yes,2003-09-10,2026-09-11,5788,274,1.0,17,Usable,0.046657799853974946,0.4417673238926666,0.06566651458877593,0.2787309868095496,0.017318415344905063,0.7753517795874242,0.001586998194665232,0.6834648012809661,-0.005959038527997222,0.9217817684848074,0.011336503953595286,-0.003630461616265457,0.006448430444061461,0.004888073509533825,0.7535345707818715,0.62644273933711,0.007009917607240509,0.8593502577676504,0.9665116549772554
SLF,Sun Life Financial Inc.,Direct insurer,No,No,2003-09-10,2026-09-11,5788,274,1.0,17,Usable,0.03193176687972461,0.5986918619200625,0.06258061166040754,0.30199260490612634,0.011726028987263281,0.8467869879148745,0.001107512915324114,0.8322099486855083,-0.014039663693738241,0.8170454317180971,0.01077931026524103,0.018285829497842077,0.004513557539606449,0.006265752725634582,0.6403114944855046,0.5698627985005695,0.006452723918886255,0.9171293312044378,0.910041947452692
SLLDY,Sanlam Limited,Insurance holding company,Yes,Yes,2021-12-31,2026-09-11,1170,55,1.0,7,Limited,0.06722924815512762,0.6257723503795316,-0.038216854695464805,0.7817685513461202,0.12099132353971197,0.378900173079775,0.014004980994441153,0.20240746776989038,0.017680621201144192,0.8980530548580163,0.009407154837185874,-0.005560718684697097,0.00623105149434607,0.003176103342839804,0.8822202821949428,0.855326983247398,-0.00787312555870377,0.8407694815056985,0.985069022271923
SNMCY,Suncorp Group Limited,Direct insurer,Yes,Yes,2021-12-31,2026-09-11,854,55,1.0,7,Limited,0.12078218162777025,0.37973086105742926,-0.007715459733134242,0.955416756641902,0.12571507403029067,0.3604284934351928,0.013681268678551258,0.022909738203858148,0.015072145154260154,0.9130305706995011,0.028565041964506488,0.02878669621095087,0.0030765930898951077,0.02548844887461138,0.3262413392321932,0.12660893108920096,0.011284761568616844,0.41237528766944664,0.5055465839797466
SNTAY,Santam Limited,Direct insurer,Yes,Yes,,,0,0,0.0,0,Insufficient,,,,,,,,,,,,,,,,,,,
SSREY,Swiss Re Ltd,Reinsurer,Yes,Yes,2021-12-31,2026-09-11,1171,55,1.0,7,Limited,0.0881889816638169,0.5220074539159484,-0.00018041386702666307,0.9989569638657015,0.09542420525820067,0.48830072963836796,0.008257395249267408,0.43274045066911565,-0.045266206316845456,0.7427901375269734,0.03882703406060152,0.052701816175828586,0.0052704639870235215,0.033556570073578,0.10204327929764313,0.03723544688450921,0.021546753664711878,0.8593502577676504,0.5055465839797466
THG,"The Hanover Insurance Group, Inc.",Direct insurer,Yes,Yes,2005-12-01,2026-09-11,5226,247,1.0,17,Usable,0.049482431160139055,0.43880836067048856,0.04964414986203717,0.437311925046018,0.03527262859673018,0.5811452691924709,0.002538033778748958,0.4828456524169891,0.006351455917966039,0.9208876772340641,0.024702184909103454,0.017757703304325467,0.0056405812460352586,0.019061603663068194,0.12715946115016769,0.04494723651847949,0.02037559856274868,0.8593502577676504,0.5055465839797466
TRV,"The Travelers Companies, Inc.",Direct insurer,Yes,Yes,2007-02-27,2026-09-11,4917,233,1.0,17,Usable,0.04894787375845681,0.45712792076338965,0.05499117715096849,0.40342390262965194,0.03644434841156332,0.5799272934550501,0.0024118287428773443,0.5078425968652062,0.004931146686283444,0.9403210669075445,0.029567731263077664,0.016114941392406656,0.006924328018031661,0.022643403245046004,0.14322571697491826,0.10661451804630906,0.025241144916722885,0.8593502577676504,0.5055465839797466
UVE,"Universal Insurance Holdings, Inc.",Direct insurer,Yes,Yes,2007-04-30,2026-09-11,4874,231,1.0,17,Usable,-0.013635332598770642,0.8366936844424812,0.09295664486750194,0.15907028290699218,-0.02898169550489516,0.6612513292264286,-0.004295377150675283,0.7002113211440115,-0.04505807087583148,0.4955838994261668,0.009840923084220831,0.05526267867504986,0.009463252320459876,0.0003776707637609556,0.9926694602423122,0.9908696518989837,0.005514336737866055,0.8593502577676504,0.9908696518989837
WRB,W. R. Berkley Corporation,Direct insurer,Yes,Yes,2008-04-15,2026-09-11,4632,219,1.0,17,Usable,0.009921735278411307,0.8839280224601923,-0.03226636126237644,0.6348656698414376,0.029368821263883793,0.6655779777148376,0.002064830381783766,0.6149224122105902,0.016108090782887455,0.8126341657676935,0.018961560189080854,0.02078755056171877,0.00956474652695365,0.009396813662127204,0.4940846273401693,0.48380375270224507,0.014634973842726077,0.8593502577676504,0.8708467548640412
ZURVY,Zurich Insurance Group Ltd,Insurer and reinsurer,Yes,Yes,2021-12-31,2026-09-11,1171,55,1.0,7,Limited,0.04147565958921826,0.7636767576244076,0.03381469230206713,0.8063894772812741,0.060090630463066244,0.6629801740855067,0.003682802163339442,0.46904280823713806,-0.13871878856781344,0.31248082982632525,0.021707997379206288,0.03414180241123965,0.008220577598200532,0.013487419781005755,0.395968904277599,0.08294440427882009,0.004427716983316644,0.8593502577676504,0.5055465839797466
