ticker,episode,start,end,peak_oni,partial_episode,trading_days,episode_return,spy_return,market_relative_log_return,max_drawdown,best_20d_return,best_20d_z,best_20d_end,worst_20d_return,worst_20d_z,worst_20d_end,signal
AAGIY,E3: 2023-09 to 2024-02,2023-09,2024-02,2.0,False,124,-0.1066186651896982,0.12818918618852004,-0.2333556198572712,-0.20332278481012656,0.10898050495365909,1.1352623008310572,2023-10-24,-0.12640599892876275,-1.4364092927373995,2023-12-13,No 2σ move
AAGIY,E4: 2026-07 to 2026-07,2026-07,2026-07,1.8,True,22,0.1054933041814703,0.0003481661020126037,0.09994355896712538,-0.02013778484366735,0.11734417344173428,1.2162502873904257,2026-07-30,-0.12184673964778688,-1.3803000931490848,2026-07-01,No 2σ move
ACGL,E1: 2009-12 to 2010-01,2009-12,2010-01,1.5,False,41,0.023459126784863615,-0.023194469710751342,0.046655885135637495,-0.025659715358766544,0.04447002197342258,0.49965580834455625,2009-12-28,-0.014481530240842548,-0.4035139528713481,2009-12-08,No 2σ move
ACGL,E2: 2015-08 to 2016-03,2015-08,2016-03,2.6,False,167,-0.0036448939953840354,-0.02365795724465558,0.02029074751393957,-0.16432603261562473,0.12365743912923956,1.635739116163486,2015-10-16,-0.07405821917808192,-1.3729013571910245,2016-01-20,No 2σ move
ACGL,E3: 2023-09 to 2024-02,2023-09,2024-02,2.0,False,124,0.1396044756700494,0.12818918618852004,0.010067393773332114,-0.18422222222222218,0.11856823266219262,1.565169608982345,2023-11-01,-0.15505747126436797,-2.7960148774257503,2023-12-26,Drawdown
ACGL,E4: 2026-07 to 2026-07,2026-07,2026-07,1.8,True,22,0.03575108180506903,0.0003481661020126037,0.03477874093399877,-0.055879038317054874,0.16281715781090025,2.1682901594930746,2026-07-02,-0.01634050880626168,-0.4328657795179695,2026-07-31,Spike
AFG,E1: 2009-12 to 2010-01,2009-12,2010-01,1.5,False,41,0.022671063478977516,-0.023194469710751342,0.045885588750194536,-0.040507364975450155,0.08091993185689941,1.0288363339921498,2010-01-07,-0.06911532385466061,-1.1690706500664045,2009-12-10,No 2σ move
AFG,E2: 2015-08 to 2016-03,2015-08,2016-03,2.6,False,167,0.02059463379260329,-0.02365795724465558,0.04432773205995466,-0.1334308899827059,0.07978174310573669,1.0133405267320135,2015-08-17,-0.07892584514721909,-1.3249036761755018,2016-01-08,No 2σ move
AFG,E3: 2023-09 to 2024-02,2023-09,2024-02,2.0,False,124,0.10136300897170458,0.12818918618852004,-0.024065345445135097,-0.09810422511264127,0.10631076866629952,1.370340979754265,2023-12-19,-0.06503442999234915,-1.104731711306632,2023-10-02,No 2σ move
AFG,E4: 2026-07 to 2026-07,2026-07,2026-07,1.8,True,22,0.01271973703015572,0.0003481661020126037,0.012291415173260689,-0.03815835367980469,0.10770543959028486,1.388871418130984,2026-07-02,-0.007215411558669147,-0.22217030804343627,2026-07-31,No 2σ move
AIG,E1: 2009-12 to 2010-01,2009-12,2010-01,1.5,False,41,-0.14683086229711861,-0.023194469710751342,-0.13532977088316397,-0.2368918303471933,0.11479110967079849,0.6410672218608636,2009-12-29,-0.23689183034719336,-1.440590761575258,2010-01-28,No 2σ move
AIG,E2: 2015-08 to 2016-03,2015-08,2016-03,2.6,False,167,-0.15704928259513418,-0.02365795724465558,-0.14690448333532702,-0.21928460342146183,0.12442801830341428,0.6883407670461361,2015-10-28,-0.12519987208186742,-0.6903836056625237,2016-01-28,No 2σ move
AIG,E3: 2023-09 to 2024-02,2023-09,2024-02,2.0,False,124,0.24555707450444286,0.12818918618852004,0.09896902197723038,-0.06647673314339986,0.09608600705526629,0.5481320303714105,2023-11-27,-0.05346470683249826,-0.25752980689586125,2023-09-05,No 2σ move
AIG,E4: 2026-07 to 2026-07,2026-07,2026-07,1.8,True,22,0.05434053401314909,0.0003481661020126037,0.05256737973045144,-0.05280039476930665,0.09953703703703666,0.5653969934864378,2026-07-06,-0.01020279632195471,-0.012074523885302217,2026-07-31,No 2σ move
AIZ,E1: 2009-12 to 2010-01,2009-12,2010-01,1.5,False,41,0.028132155708210593,-0.023194469710751342,0.05121140946912222,-0.05672609400324147,0.09103260869565213,0.921303216979365,2010-01-25,-0.08419083255378816,-1.1318375399583904,2009-12-10,No 2σ move
AIZ,E2: 2015-08 to 2016-03,2015-08,2016-03,2.6,False,167,0.034182305630027,-0.02365795724465558,0.05755337192026283,-0.2370694620435434,0.1698141263940523,1.738941953527686,2016-03-15,-0.15454430858439455,-2.0692363551392603,2016-02-12,Drawdown
AIZ,E3: 2023-09 to 2024-02,2023-09,2024-02,2.0,False,124,0.3023038828680109,0.12818918618852004,0.14352105626861117,-0.05380961676101248,0.15297178855108223,1.5688698172023077,2023-11-27,-0.035711789782654685,-0.5269114200837177,2023-09-06,No 2σ move
AIZ,E4: 2026-07 to 2026-07,2026-07,2026-07,1.8,True,22,0.039697612929654236,0.0003481661020126037,0.038581808570658904,-0.02484738138588427,0.12503019080589384,1.2811622495891004,2026-07-02,-0.0010376413339062797,-0.11261841566894429,2026-07-31,No 2σ move
ALIZY,E3: 2023-09 to 2024-02,2023-09,2024-02,2.0,False,124,0.12638946068340884,0.12818918618852004,-0.0015965075246989757,-0.07862013638186927,0.11886632825719128,1.4876659932849554,2023-12-12,-0.06663957740755791,-1.2159196801127135,2023-10-20,No 2σ move
ALIZY,E4: 2026-07 to 2026-07,2026-07,2026-07,1.8,True,22,0.05602716468590829,0.0003481661020126037,0.05416580358133288,-0.013256006628003303,0.12131147540983589,1.5202229175931603,2026-07-02,0.032045840407470154,0.2830288146307995,2026-07-29,No 2σ move
ALL,E1: 2009-12 to 2010-01,2009-12,2010-01,1.5,False,41,0.05350228792678635,-0.023194469710751342,0.0755878205609002,-0.05404551201011376,0.12509012256669094,1.4967689625876415,2010-01-08,-0.06031853608946135,-0.9287575501169537,2009-12-08,No 2σ move
ALL,E2: 2015-08 to 2016-03,2015-08,2016-03,2.6,False,167,-0.022915155910079754,-0.02365795724465558,0.0007605110540656428,-0.17858172383972315,0.11259411362080725,1.3463323037706774,2016-02-17,-0.16899970836978653,-2.584286208225891,2015-08-25,Drawdown
ALL,E3: 2023-09 to 2024-02,2023-09,2024-02,2.0,False,124,0.47964010759669806,0.12818918618852004,0.27118503039753417,-0.0620670545857579,0.16899528343864054,2.0123959775508133,2023-11-02,-0.04056373656156811,-0.6485285717266087,2023-09-08,Spike
ALL,E4: 2026-07 to 2026-07,2026-07,2026-07,1.8,True,22,0.10985962847776753,0.0003481661020126037,0.10388544099029781,-0.06617274322480016,0.19580586605522063,2.317822587618568,2026-07-02,0.054927495705668836,0.6294626709801263,2026-07-31,Spike
AXAHY,E3: 2023-09 to 2024-02,2023-09,2024-02,2.0,False,124,0.18106312292358795,0.12818918618852004,0.04580112722945219,-0.09041706462909904,0.10560572499574054,1.3326860098139484,2023-12-08,-0.06052260791597293,-1.0290042948848956,2023-10-13,No 2σ move
AXAHY,E4: 2026-07 to 2026-07,2026-07,2026-07,1.8,True,22,0.031050955414012593,0.0003481661020126037,0.030230521599234172,-0.011146496815286677,0.1166593018117542,1.4769781745701214,2026-07-07,0.027070063694267663,0.26394941787586024,2026-07-29,No 2σ move
AXS,E1: 2009-12 to 2010-01,2009-12,2010-01,1.5,False,41,0.02893890675241173,-0.023194469710751342,0.05199577817692744,-0.07411167512690364,0.028174037089871356,0.33874944655241185,2010-01-19,-0.06903288830999657,-1.1273369995334972,2009-12-08,No 2σ move
AXS,E2: 2015-08 to 2016-03,2015-08,2016-03,2.6,False,167,-0.03648366921473245,-0.02365795724465558,-0.013223541510727119,-0.12715409068094363,0.0885084684028412,1.1805292313565543,2015-08-03,-0.08327691266079912,-1.3549428824430358,2015-09-16,No 2σ move
AXS,E3: 2023-09 to 2024-02,2023-09,2024-02,2.0,False,124,0.1405395552314983,0.12818918618852004,0.010887587235847304,-0.10064059339177345,0.122423146473779,1.633445356432742,2024-02-15,-0.07248819959541523,-1.1822280280645807,2023-11-14,No 2σ move
AXS,E4: 2026-07 to 2026-07,2026-07,2026-07,1.8,True,22,-0.01973194341027551,0.0003481661020126037,-0.020277323093133313,-0.11922528716357839,0.19894235854045503,2.6069895248760657,2026-07-02,-0.07092448835568092,-1.1573616455826237,2026-07-31,Spike
BAP,E1: 2009-12 to 2010-01,2009-12,2010-01,1.5,False,41,0.044506648005598226,-0.023194469710751342,0.06701236132980876,-0.08587786259541985,0.07074272804292607,0.6214565709393497,2009-12-28,-0.031444048090896175,-0.4960218249029821,2009-12-18,No 2σ move
BAP,E2: 2015-08 to 2016-03,2015-08,2016-03,2.6,False,167,-0.006747536012130517,-0.02365795724465558,0.01717189676311822,-0.33957543593631545,0.31211290486343835,2.886305743074107,2016-03-09,-0.21184039212682826,-2.7922828910213138,2015-08-25,Mixed
BAP,E3: 2023-09 to 2024-02,2023-09,2024-02,2.0,False,124,0.2082302198967687,0.12818918618852004,0.06854280347445398,-0.1855323912130964,0.21368270149729177,2.0175222445886862,2023-12-26,-0.1470961197058079,-1.91272821265303,2023-09-08,Spike
BAP,E4: 2026-07 to 2026-07,2026-07,2026-07,1.8,True,22,0.028235535705118275,0.0003481661020126037,0.02749615561837621,-0.042114717696664195,0.20148225277922405,1.9049596510374165,2026-07-06,-0.014502797884902342,-0.30283328671764137,2026-07-29,No 2σ move
BBD,E1: 2009-12 to 2010-01,2009-12,2010-01,1.5,False,41,-0.14036886887688882,-0.023194469710751342,-0.12778420448223804,-0.1842621455181328,0.10498260288295085,0.7997542912614405,2009-12-01,-0.15472607811933767,-1.4697133686917012,2010-01-29,No 2σ move
BBD,E2: 2015-08 to 2016-03,2015-08,2016-03,2.6,False,167,-0.061713520749665296,-0.02365795724465558,-0.039757661305730226,-0.4937081659973226,0.5588156484458736,3.7144467347541292,2016-03-11,-0.26553112827622627,-2.6599383917203427,2015-12-21,Mixed
BBD,E3: 2023-09 to 2024-02,2023-09,2024-02,2.0,False,124,-0.07023411371237476,0.12818918618852004,-0.19343631696501712,-0.25555555555555554,0.19503546099290786,1.463391137684034,2023-11-28,-0.16768292682926825,-1.6005604702587404,2024-02-08,No 2σ move
BBD,E4: 2026-07 to 2026-07,2026-07,2026-07,1.8,True,22,0.040345821325648235,0.0003481661020126037,0.03920507287976173,-0.05093833780160861,0.10606060606060602,0.8080140053665725,2026-07-10,-0.00854700854700844,-0.11856747136024413,2026-07-01,No 2σ move
BBSEY,E3: 2023-09 to 2024-02,2023-09,2024-02,2.0,False,124,0.09787928221859721,0.12818918618852004,-0.027233463556451037,-0.1374142896825976,0.12258064516129023,1.3343724098410767,2024-01-03,-0.07866868381240555,-1.2283444442882556,2023-10-13,No 2σ move
BBSEY,E4: 2026-07 to 2026-07,2026-07,2026-07,1.8,True,22,0.06789473684210523,0.0003481661020126037,0.06534106916502305,-0.0690058479532164,0.12944523470839267,1.41345146947131,2026-07-10,0.011250000000000232,-0.020405997860569014,2026-07-17,No 2σ move
BCH,E1: 2009-12 to 2010-01,2009-12,2010-01,1.5,False,41,0.06558032653683066,-0.023194469710751342,0.08698725286189055,-0.14406012361767484,0.22712384720117149,2.7661722483518685,2010-01-20,-0.015283246183845876,-0.3059704653415741,2009-12-22,Spike
BCH,E2: 2015-08 to 2016-03,2015-08,2016-03,2.6,False,167,0.03434398747746292,-0.02365795724465558,0.05770969755973275,-0.15204726586564365,0.0911287989243594,1.1264766047257633,2016-02-19,-0.0702856577058275,-1.1083198309074016,2015-11-23,No 2σ move
BCH,E3: 2023-09 to 2024-02,2023-09,2024-02,2.0,False,124,0.060036663611365615,0.12818918618852004,-0.06231036142654463,-0.11090742438130163,0.1280081925243219,1.5905018729981912,2023-11-24,-0.09854014598540146,-1.5391382276030297,2023-09-08,No 2σ move
BCH,E4: 2026-07 to 2026-07,2026-07,2026-07,1.8,True,22,0.039989939637827154,0.0003481661020126037,0.03886293417506739,-0.025628508664876648,0.11074561403508806,1.375218781316315,2026-07-07,-0.017232890201871014,-0.33363645879822074,2026-07-16,No 2σ move
BSAC,E2: 2015-08 to 2016-03,2015-08,2016-03,2.6,False,167,-0.04160475482912329,-0.02365795724465558,-0.01855271252814731,-0.22539990305380508,0.14450516089860413,1.7871508892129457,2016-03-11,-0.11074012242626578,-1.5687010159673271,2016-01-15,No 2σ move
BSAC,E3: 2023-09 to 2024-02,2023-09,2024-02,2.0,False,124,0.026136957658128512,0.12818918618852004,-0.09481263242875947,-0.11231527093596061,0.11111111111111115,1.3933420076355498,2023-11-20,-0.116209476309227,-1.650748680378754,2023-09-08,No 2σ move
BSAC,E4: 2026-07 to 2026-07,2026-07,2026-07,1.8,True,22,0.05101730944427563,0.0003481661020126037,0.04941045575272004,-0.0332744405182569,0.12258494337108614,1.5299695137846714,2026-07-07,-0.011067903081065002,-0.15586343068816585,2026-07-16,No 2σ move
CB,E1: 2009-12 to 2010-01,2009-12,2010-01,1.5,False,41,0.011496612605214507,-0.023194469710751342,0.034898723299809586,-0.059778305621536076,0.04607721046077212,0.6063809735251823,2009-12-28,-0.07130697938339312,-1.344769339225147,2009-12-08,No 2σ move
CB,E2: 2015-08 to 2016-03,2015-08,2016-03,2.6,False,167,0.09543072538383757,-0.02365795724465558,0.1150899427598003,-0.10267254566723649,0.14241823587710614,2.0505957908522126,2015-10-26,-0.09649361239467247,-1.795492772709981,2015-09-01,Spike
CB,E3: 2023-09 to 2024-02,2023-09,2024-02,2.0,False,124,0.2528998854980833,0.12818918618852004,0.10484691561488847,-0.04628862833979863,0.09577914872841926,1.367313866421864,2024-02-07,-0.029337803855825833,-0.6201993453782189,2023-12-21,No 2σ move
CB,E4: 2026-07 to 2026-07,2026-07,2026-07,1.8,True,22,0.02917180254739682,0.0003481661020126037,0.028406298096728816,-0.06570313148932638,0.154820143884892,2.2275953013073035,2026-07-02,-0.02904449428247091,-0.6152465780924049,2026-07-31,Spike
CINF,E1: 2009-12 to 2010-01,2009-12,2010-01,1.5,False,41,0.03409090909090917,-0.023194469710751342,0.05699038660103284,-0.040950639853747695,0.0572091225357559,0.7287729761392892,2010-01-19,-0.037878787878788116,-0.6268429044855555,2009-12-08,No 2σ move
CINF,E2: 2015-08 to 2016-03,2015-08,2016-03,2.6,False,167,0.18384350661112125,-0.02365795724465558,0.19270865457660225,-0.12001951536835265,0.1628967530098511,2.0992642501528924,2016-02-25,-0.09117889530090673,-1.4465951710463325,2016-01-15,Spike
CINF,E3: 2023-09 to 2024-02,2023-09,2024-02,2.0,False,124,0.07760657907174595,0.12818918618852004,-0.04587140586915528,-0.1090211833455077,0.10898379970544893,1.4164751486640463,2024-01-24,-0.0791447861965497,-1.2573854919282392,2023-10-23,No 2σ move
CINF,E4: 2026-07 to 2026-07,2026-07,2026-07,1.8,True,22,-0.0402938316949335,0.0003481661020126037,-0.04147622155915297,-0.10206738530437953,0.21526437363541434,2.732826342981207,2026-07-02,-0.07472790709784914,-1.1885595595791996,2026-07-31,Spike
CNA,E1: 2009-12 to 2010-01,2009-12,2010-01,1.5,False,41,0.032527472527472456,-0.023194469710751342,0.05547734783625113,-0.06275468622656888,0.098478066248881,1.0753316694013393,2010-01-04,-0.04887218045112818,-0.624578150291633,2009-12-23,No 2σ move
CNA,E2: 2015-08 to 2016-03,2015-08,2016-03,2.6,False,167,-0.18778394750126193,-0.02365795724465558,-0.1840465993853597,-0.2883451059535822,0.13434952144629542,1.4545826011356566,2016-03-18,-0.12819741197712897,-1.6523840119416666,2016-02-29,No 2σ move
CNA,E3: 2023-09 to 2024-02,2023-09,2024-02,2.0,False,124,0.11746758199847451,0.12818918618852004,-0.009548819577499687,-0.07079270877490451,0.09758979206049198,1.065784012735039,2024-02-07,-0.0773611770289509,-0.9834923169870785,2023-09-05,No 2σ move
CNA,E4: 2026-07 to 2026-07,2026-07,2026-07,1.8,True,22,0.07940752931495565,0.0003481661020126037,0.07606420113499633,-0.05134695353462304,0.22697056030389326,2.3809284199790737,2026-07-06,0.025405511041625747,0.2628931268773664,2026-07-31,Spike
EG,E1: 2009-12 to 2010-01,2009-12,2010-01,1.5,False,41,0.007402185407120232,-0.023194469710751342,0.0308426182433506,-0.027618490345231117,0.01920324427480982,0.2255017326894465,2010-01-04,-0.06967670011148222,-1.3050517406840783,2009-12-09,No 2σ move
EG,E2: 2015-08 to 2016-03,2015-08,2016-03,2.6,False,167,0.0781454783748361,-0.02365795724465558,0.09918471581263408,-0.10311407689863361,0.10156480661352307,1.5290364566842682,2016-02-19,-0.0897346555883142,-1.670663233236927,2015-08-24,No 2σ move
EG,E3: 2023-09 to 2024-02,2023-09,2024-02,2.0,False,124,0.022734834202062792,0.12818918618852004,-0.09813360799822339,-0.15412817482331942,0.13030565167243333,1.961079761023147,2023-09-20,-0.15270508212933273,-2.873163178038954,2023-12-26,Drawdown
EG,E4: 2026-07 to 2026-07,2026-07,2026-07,1.8,True,22,0.04736444307588927,0.0003481661020126037,0.04592884898228732,-0.06157511913719593,0.1673267949201565,2.5016841657463846,2026-07-02,0.0075400565504234116,0.03244007310478034,2026-07-31,Spike
FRFHF,E3: 2023-09 to 2024-02,2023-09,2024-02,2.0,False,124,0.2914443042887638,0.12818918618852004,0.1351473505340831,-0.13410373408849297,0.1543814549153067,2.014031951643902,2024-01-30,-0.08038581620049978,-1.718475190026244,2023-10-20,Spike
FRFHF,E4: 2026-07 to 2026-07,2026-07,2026-07,1.8,True,22,0.013263541731501904,0.0003481661020126037,0.012828245580605765,-0.05607288453625703,0.08753633012860225,1.034802546859536,2026-07-06,-0.007957032973174299,-0.4739182597124805,2026-07-31,No 2σ move
GWLIF,E3: 2023-09 to 2024-02,2023-09,2024-02,2.0,False,114,0.07175200278648552,0.12818918618852004,-0.05131916206398973,-0.1234487263226649,0.19353576751117732,2.5930808206384137,2023-11-28,-0.10729529187733922,-2.038039993538458,2023-10-23,Mixed
GWLIF,E4: 2026-07 to 2026-07,2026-07,2026-07,1.8,True,21,0.041894067297499005,0.0003481661020126037,0.04069216979461127,-0.0989830774667243,0.1563534948579397,2.0884020651856683,2026-07-31,0.011638159054840828,-0.0436286934137248,2026-07-01,Spike
HCI,E2: 2015-08 to 2016-03,2015-08,2016-03,2.6,False,167,-0.2580213903743317,-0.02365795724465558,-0.274492563907235,-0.3400353513035793,0.19411764705882348,1.5017451171791505,2015-10-29,-0.20738222438076717,-2.2312391071830406,2015-12-15,Drawdown
HCI,E3: 2023-09 to 2024-02,2023-09,2024-02,2.0,False,124,0.8322072072072073,0.12818918618852004,0.48490750696190016,-0.09057737711955371,0.5391794329987675,3.813940310119488,2023-11-24,-0.19086942972888774,-2.043422985720071,2023-09-07,Mixed
HCI,E4: 2026-07 to 2026-07,2026-07,2026-07,1.8,True,22,-0.0013694721825963097,0.0003481661020126037,-0.0017185162728932716,-0.04782727521180652,0.2190628754505396,1.6900685353594593,2026-07-02,-0.04177617170389831,-0.5029327115475283,2026-07-31,No 2σ move
HIG,E1: 2009-12 to 2010-01,2009-12,2010-01,1.5,False,41,-0.019215044971381934,-0.023194469710751342,0.0040656411549660175,-0.13829022988505757,0.18041237113402037,1.191349978345635,2010-01-19,-0.10358105506353472,-0.8250546580502012,2009-12-17,No 2σ move
HIG,E2: 2015-08 to 2016-03,2015-08,2016-03,2.6,False,167,-0.0309148264984227,-0.02365795724465558,-0.00746047228295553,-0.2402584292348071,0.15739062904478376,1.0470435040262736,2016-03-11,-0.13214944649446483,-1.0623560734899407,2016-01-25,No 2σ move
HIG,E3: 2023-09 to 2024-02,2023-09,2024-02,2.0,False,124,0.33444722918407144,0.12818918618852004,0.16790328830423495,-0.0600405679513184,0.1215809133630559,0.8167725174919153,2024-02-15,-0.047155586017820585,-0.3778021866455918,2023-10-23,No 2σ move
HIG,E4: 2026-07 to 2026-07,2026-07,2026-07,1.8,True,22,0.0708572290974947,0.0003481661020126037,0.06811137090849118,-0.04460860917744003,0.09930576516752238,0.6697952154719612,2026-07-29,0.02945230322814649,0.1887797019329436,2026-07-31,No 2σ move
HVRRY,E3: 2023-09 to 2024-02,2023-09,2024-02,2.0,False,109,0.19226692383606037,0.12818918618852004,0.055242615702414385,-0.0650532886393771,0.16535894559730796,2.1829425551307535,2023-12-13,-0.040511314030352914,-0.7303943208811833,2023-10-20,Spike
HVRRY,E4: 2026-07 to 2026-07,2026-07,2026-07,1.8,True,22,0.04094454072790299,0.0003481661020126037,0.03978040771019759,-0.029878425716052037,0.10331248552235361,1.3629420349371562,2026-07-08,0.015426880811496044,0.1188575252492698,2026-07-31,No 2σ move
IAUGY,E3: 2023-09 to 2024-02,2023-09,2024-02,2.0,False,93,0.04044196524350996,0.12818918618852004,-0.08096826780411108,-0.09863588667366208,0.11343748322327787,1.1339510231310606,2024-02-13,-0.08534704370179985,-1.407954246732467,2023-09-08,No 2σ move
IAUGY,E4: 2026-07 to 2026-07,2026-07,2026-07,1.8,True,8,-0.07345266595214006,0.0003481661020126037,-0.07663825097153691,-0.07345266595214006,0.09212303075768946,0.8841258268299504,2026-07-27,0.030434782608695313,0.1326193187319398,2026-07-30,No 2σ move
IFCZF,E3: 2023-09 to 2024-02,2023-09,2024-02,2.0,False,78,0.19658059023836527,0.12818918618852004,0.05885412381708603,-0.08366004385673464,0.14600200736032082,2.3058758683095064,2024-02-22,-0.052888858714101955,-1.1570630136648055,2023-10-31,Spike
IFCZF,E4: 2026-07 to 2026-07,2026-07,2026-07,1.8,True,22,-0.03806759157678086,0.0003481661020126037,-0.039159197805471425,-0.0831019803812697,0.08311839376928197,1.2806261374775523,2026-07-08,-0.05593139590281049,-1.2155169709081532,2026-07-31,No 2σ move
IFS,E3: 2023-09 to 2024-02,2023-09,2024-02,2.0,False,124,0.1701671667381055,0.12818918618852004,0.03653275889260792,-0.24396336386344708,0.31478260869565233,2.3020464893471333,2024-02-26,-0.1784214945424013,-1.8247132454441648,2023-10-23,Spike
IFS,E4: 2026-07 to 2026-07,2026-07,2026-07,1.8,True,22,0.0237008426966292,0.0003481661020126037,0.023076232624084463,-0.06740276862228078,0.2364176570458406,1.7626956808917589,2026-07-07,-0.006495786516854087,-0.15706029614128214,2026-07-29,No 2σ move
ITUB,E1: 2009-12 to 2010-01,2009-12,2010-01,1.5,False,41,-0.13887118238445106,-0.023194469710751342,-0.12604347722772727,-0.1912129232837576,0.1926509853782582,1.6172110399325728,2009-12-01,-0.15369228571114543,-1.5554028382793055,2010-01-29,No 2σ move
ITUB,E2: 2015-08 to 2016-03,2015-08,2016-03,2.6,False,167,-0.01038099545562221,-0.02365795724465558,0.013507046501322482,-0.3675346212659645,0.5233525471257205,3.880577238091035,2016-03-18,-0.23886471144749305,-2.5363805387868594,2015-08-13,Mixed
ITUB,E3: 2023-09 to 2024-02,2023-09,2024-02,2.0,False,124,0.24000906394199073,0.12818918618852004,0.09450483195590038,-0.0886518411378292,0.19965433363205717,1.6713586296935166,2023-11-29,-0.10154056162246493,-1.0023719940115148,2023-09-27,No 2σ move
ITUB,E4: 2026-07 to 2026-07,2026-07,2026-07,1.8,True,22,0.03549571603427193,0.0003481661020126037,0.034532159239960766,-0.054524361948955824,0.13123359580052474,1.1282584877876547,2026-07-10,-0.0024479804161563106,-0.034796525064090124,2026-07-29,No 2σ move
KNSL,E3: 2023-09 to 2024-02,2023-09,2024-02,2.0,False,124,0.29488498106013084,0.12818918618852004,0.13780801622782207,-0.2719768059490085,0.3098981002611504,2.5016602833017427,2024-02-26,-0.2243205686037773,-2.817478648532231,2023-11-06,Mixed
KNSL,E4: 2026-07 to 2026-07,2026-07,2026-07,1.8,True,22,0.0806828173797034,0.0003481661020126037,0.07724497416596612,-0.0993095674228548,0.22277739490006954,1.8029743098767588,2026-07-02,0.0044244046780327565,-0.19396857499177483,2026-07-31,No 2σ move
LMND,E3: 2023-09 to 2024-02,2023-09,2024-02,2.0,False,124,0.18023255813953476,0.12818918618852004,0.045097644963366615,-0.27716390423572745,0.66636197440585,2.273217778529745,2023-11-29,-0.20943531093638293,-1.0140570465219245,2023-10-03,Spike
LMND,E4: 2026-07 to 2026-07,2026-07,2026-07,1.8,True,22,-0.25734050730207525,0.0003481661020126037,-0.29786573189845866,-0.39796696315120705,0.5260810548768659,1.885526661842448,2026-07-06,-0.32452460850111864,-1.7076653618956137,2026-07-31,No 2σ move
MCY,E1: 2009-12 to 2010-01,2009-12,2010-01,1.5,False,41,0.03465078505684893,-0.023194469710751342,0.057531658603422256,-0.05945810336176616,0.07742284786139664,0.9476439838840542,2009-12-29,-0.03797793174236595,-0.5516014832113721,2010-01-22,No 2σ move
MCY,E2: 2015-08 to 2016-03,2015-08,2016-03,2.6,False,167,-0.016829052258635957,-0.02365795724465558,0.006970030477525778,-0.23720106288751108,0.19715447154471555,2.3421538932315893,2016-02-19,-0.14985192497532077,-2.187644198180614,2016-01-08,Mixed
MCY,E3: 2023-09 to 2024-02,2023-09,2024-02,2.0,False,124,0.7018524991261796,0.12818918618852004,0.41110350586762306,-0.08024987986544918,0.3555956678700361,3.9870188350452547,2023-11-01,-0.11291348600508921,-1.6247881177627963,2023-09-05,Spike
MCY,E4: 2026-07 to 2026-07,2026-07,2026-07,1.8,True,22,0.004689551678859427,0.0003481661020126037,0.004330484482042202,-0.07541396688264945,0.14203018399834613,1.7183174731935027,2026-07-02,-0.035123966942149004,-0.5124000440583801,2026-07-22,No 2σ move
MET,E1: 2009-12 to 2010-01,2009-12,2010-01,1.5,False,41,0.0330505995905237,-0.023194469710751342,0.05598386664693869,-0.10241423125794158,0.10471645143178016,0.9874443205832357,2010-01-19,-0.003667136812412049,-0.08149280271787235,2010-01-29,No 2σ move
MET,E2: 2015-08 to 2016-03,2015-08,2016-03,2.6,False,167,-0.21169716541083605,-0.02365795724465558,-0.21393065477653006,-0.3752661462029808,0.2567452428287415,2.3221491401980763,2016-03-11,-0.17944535073409437,-2.090755568075134,2016-02-11,Mixed
MET,E3: 2023-09 to 2024-02,2023-09,2024-02,2.0,False,124,0.10104199557941262,0.12818918618852004,-0.02435685712795628,-0.12160940325497283,0.09549322407815966,0.9006561375575586,2024-01-08,-0.10084550345887801,-1.143845806182654,2023-10-23,No 2σ move
MET,E4: 2026-07 to 2026-07,2026-07,2026-07,1.8,True,22,0.1361541188984754,0.0003481661020126037,0.1273008736350555,-0.017126649940002237,0.14667297009809743,1.3733119226477566,2026-07-29,0.04164790634849219,0.37892606519040245,2026-07-14,No 2σ move
MFC,E1: 2009-12 to 2010-01,2009-12,2010-01,1.5,False,41,0.05040091638029787,-0.023194469710751342,0.07263961097925188,-0.09788489916379728,0.21239470517448825,1.9947638738591658,2010-01-08,-0.1584810126582277,-1.859503174716413,2009-12-09,No 2σ move
MFC,E2: 2015-08 to 2016-03,2015-08,2016-03,2.6,False,167,-0.20304568527918776,-0.02365795724465558,-0.20301562306887241,-0.3646007816862088,0.2530755711775045,2.343131048709824,2016-03-11,-0.18664047151277008,-2.218762043500834,2016-01-15,Mixed
MFC,E3: 2023-09 to 2024-02,2023-09,2024-02,2.0,False,124,0.28463203463203457,0.12818918618852004,0.12985846570301623,-0.12551020408163271,0.18047619047619048,1.713148372830941,2024-02-15,-0.08025343189017939,-0.9212322125703345,2023-10-20,No 2σ move
MFC,E4: 2026-07 to 2026-07,2026-07,2026-07,1.8,True,22,0.09701308318933588,0.0003481661020126037,0.09224300205057015,-0.020511638626411588,0.09734513274336277,0.9423443494589147,2026-07-28,0.03423468122054104,0.31712267237417036,2026-07-14,No 2σ move
MKL,E1: 2009-12 to 2010-01,2009-12,2010-01,1.5,False,41,-0.04126843657817114,-0.023194469710751342,-0.01867646173091747,-0.062128470017891235,0.05900621118012415,0.870720081431899,2009-12-03,-0.04414446209046558,-0.8872996624067402,2010-01-29,No 2σ move
MKL,E2: 2015-08 to 2016-03,2015-08,2016-03,2.6,False,167,0.0020455184040462093,-0.02365795724465558,0.025985729500629485,-0.13318926783345453,0.10387288477034641,1.582541447083114,2015-10-26,-0.11289389833199104,-2.167775838613474,2015-08-25,Drawdown
MKL,E3: 2023-09 to 2024-02,2023-09,2024-02,2.0,False,124,0.009168852946744854,0.12818918618852004,-0.11148678306909666,-0.15716182518863964,0.09505878736648002,1.4450152222077737,2023-12-01,-0.11078767006279779,-2.127093875319737,2023-11-02,Drawdown
MKL,E4: 2026-07 to 2026-07,2026-07,2026-07,1.8,True,22,-0.036185170582843984,0.0003481661020126037,-0.037204193995516374,-0.07699021747125312,0.11364569679854589,1.7337485437060183,2026-07-02,-0.04915515368878341,-0.9774636901156685,2026-07-31,No 2σ move
MPFRY,E3: 2023-09 to 2024-02,2023-09,2024-02,2.0,False,21,-0.011539806504254568,0.12818918618852004,-0.13222076405198405,-0.1659919028340081,0.2978723404255317,0.9230105653367596,2023-11-01,-0.10818713450292403,-1.3512066698667893,2024-01-31,No 2σ move
MPFRY,E4: 2026-07 to 2026-07,2026-07,2026-07,1.8,True,2,-0.050999999999999934,0.0003481661020126037,-0.052694585878468946,-0.050999999999999934,0.06338413946444103,-0.28475189827780256,2026-07-07,0.00636267232237509,-0.6187938371397524,2026-07-21,No 2σ move
MURGY,E3: 2023-09 to 2024-02,2023-09,2024-02,2.0,False,124,0.19866013913939717,0.12818918618852004,0.06059052500468125,-0.061926605504587284,0.09846517119244405,1.1890226006981894,2024-02-29,-0.042431192660550454,-0.7932586502319893,2024-01-12,No 2σ move
MURGY,E4: 2026-07 to 2026-07,2026-07,2026-07,1.8,True,22,0.07232142857142865,0.0003481661020126037,0.06947775228458355,-0.028740490278951758,0.13155291790306653,1.6175762869058554,2026-07-02,0.04982517482517489,0.5350051457674967,2026-07-31,No 2σ move
PGR,E1: 2009-12 to 2010-01,2009-12,2010-01,1.5,False,41,-0.011329755515802065,-0.023194469710751342,0.01207326843442059,-0.08144044321329658,0.0894259818731115,1.26526285432132,2010-01-04,-0.08144044321329674,-1.5382944641009482,2010-01-29,No 2σ move
PGR,E2: 2015-08 to 2016-03,2015-08,2016-03,2.6,False,167,0.15213114754098367,-0.02365795724465558,0.1655556994663932,-0.12336504161712258,0.10423861852433307,1.4872002574860694,2016-03-23,-0.0832579185520361,-1.5708423640887004,2015-12-03,No 2σ move
PGR,E3: 2023-09 to 2024-02,2023-09,2024-02,2.0,False,124,0.4202442496441148,0.12818918618852004,0.23021500634835984,-0.07097438381880938,0.13801852086769,1.982385381566655,2024-01-26,-0.042758956267867174,-0.8604347606933938,2023-12-26,No 2σ move
PGR,E4: 2026-07 to 2026-07,2026-07,2026-07,1.8,True,22,-0.03218127718013275,0.0003481661020126037,-0.033058584563187735,-0.12768679631525082,0.2003514938488578,2.858718575002689,2026-07-02,-0.08957023512186717,-1.684388631031725,2026-07-31,Spike
PLMR,E3: 2023-09 to 2024-02,2023-09,2024-02,2.0,False,124,0.49264850029406015,0.12818918618852004,0.27993820175454864,-0.12419125769291461,0.2717554701854014,1.6172407043056418,2024-02-29,-0.1429060414170799,-1.2880824083262465,2023-09-05,No 2σ move
PLMR,E4: 2026-07 to 2026-07,2026-07,2026-07,1.8,True,22,0.05854893583353116,0.0003481661020126037,0.056550936320233273,-0.11088168490604988,0.38039834352198737,2.2207812565060108,2026-07-02,-0.044357142857142866,-0.4867619237825135,2026-07-31,Spike
PNGAY,E3: 2023-09 to 2024-02,2023-09,2024-02,2.0,False,124,-0.25709515859766274,0.12818918618852004,-0.4178011732141767,-0.37349397590361444,0.12273185483870964,1.0121470581460064,2024-02-16,-0.1687203791469193,-1.5807552902374147,2023-12-05,No 2σ move
PNGAY,E4: 2026-07 to 2026-07,2026-07,2026-07,1.8,True,22,0.14252873563218382,0.0003481661020126037,0.13289588950168474,-0.014540647719762156,0.15496183206106875,1.2563143138962352,2026-07-30,-0.15429309231762434,-1.4323123459093083,2026-07-01,No 2σ move
PPCCY,E3: 2023-09 to 2024-02,2023-09,2024-02,2.0,False,114,0.19198312236286919,0.12818918618852004,0.05500455218639687,-0.14927670052323794,0.21322690992018273,2.1956297553144024,2023-09-19,-0.10572198446663489,-1.578907054970193,2023-10-31,Spike
PPCCY,E4: 2026-07 to 2026-07,2026-07,2026-07,1.8,True,22,0.12277800744109135,0.0003481661020126037,0.11545787256229965,-0.07866060355518822,0.19384615384615375,1.9963546865676194,2026-07-31,-0.12023346303501947,-1.7813576087098777,2026-07-17,No 2σ move
PRU,E1: 2009-12 to 2010-01,2009-12,2010-01,1.5,False,41,0.0028084252758275863,-0.023194469710751342,0.026272183580020952,-0.08844665561083476,0.15763651877133078,1.2950656584298308,2010-01-07,-0.04331850705859601,-0.4400806103990898,2010-01-26,No 2σ move
PRU,E2: 2015-08 to 2016-03,2015-08,2016-03,2.6,False,167,-0.18266183793571755,-0.02365795724465558,-0.1777600623817968,-0.3673647469458988,0.2681034482758625,2.1245022152609874,2016-03-11,-0.1924255082149818,-1.9820236529703799,2016-02-11,Spike
PRU,E3: 2023-09 to 2024-02,2023-09,2024-02,2.0,False,124,0.15126227949720072,0.12818918618852004,0.020245117495452755,-0.10621343554569296,0.11672131147540953,0.9675987176236631,2023-12-12,-0.07964145889140746,-0.7923350390878022,2023-10-23,No 2σ move
PRU,E4: 2026-07 to 2026-07,2026-07,2026-07,1.8,True,22,0.13110349300472524,0.0003481661020126037,0.12284559319263207,-0.024248722611933782,0.13619938849254043,1.1249628090403492,2026-07-29,0.05797235023041435,0.4757829701741678,2026-07-14,No 2σ move
PUK,E1: 2009-12 to 2010-01,2009-12,2010-01,1.5,False,41,-0.11767531219980787,-0.023194469710751342,-0.10172746939739932,-0.13998127340823963,0.17362637362637354,1.585810655693905,2009-12-02,-0.09418145956607499,-1.0153652531154496,2010-01-29,No 2σ move
PUK,E2: 2015-08 to 2016-03,2015-08,2016-03,2.6,False,167,-0.21286500211595416,-0.02365795724465558,-0.21541321015885279,-0.3585633116883117,0.2372666877570393,2.1161215846407124,2016-03-11,-0.19607390300230945,-2.213762963081602,2016-02-02,Mixed
PUK,E3: 2023-09 to 2024-02,2023-09,2024-02,2.0,False,124,-0.18615944961554032,0.12818918618852004,-0.32660467348092564,-0.2028985507246377,0.1671597633136093,1.5303236402228795,2023-11-17,-0.15378421900161016,-1.698909583335258,2023-10-02,No 2σ move
PUK,E4: 2026-07 to 2026-07,2026-07,2026-07,1.8,True,22,0.12868332711674757,0.0003481661020126037,0.12070365060608218,-0.027854195323246178,0.12475009996001583,1.1586239720252731,2026-07-10,-0.048126503953248786,-0.5173221223279241,2026-07-01,No 2σ move
QBIEY,E3: 2023-09 to 2024-02,2023-09,2024-02,2.0,False,124,0.18200836820083688,0.12818918618852004,0.046601141390017434,-0.11068702290076338,0.10739614994934148,1.5113522391131193,2024-02-14,-0.11142857142857127,-2.1420004587025034,2023-09-07,Drawdown
QBIEY,E4: 2026-07 to 2026-07,2026-07,2026-07,1.8,True,22,-0.004571428571428449,0.0003481661020126037,-0.004930015011371335,-0.05435385468663345,0.10906785034876296,1.5363843467731606,2026-07-02,-0.004002287021154429,-0.24804785577816915,2026-07-31,No 2σ move
RNR,E1: 2009-12 to 2010-01,2009-12,2010-01,1.5,False,41,0.016891891891891886,-0.023194469710751342,0.04021850498720454,-0.04676192243458899,0.06423982869379016,0.9132792341291037,2010-01-21,-0.05358129257963536,-1.0224024094608346,2009-12-17,No 2σ move
RNR,E2: 2015-08 to 2016-03,2015-08,2016-03,2.6,False,167,0.11677539608574095,-0.02365795724465558,0.13438772237858046,-0.08466924636078876,0.06612471497967688,0.9424724955305789,2015-10-05,-0.05241897604509159,-1.0021537707789072,2015-08-26,No 2σ move
RNR,E3: 2023-09 to 2024-02,2023-09,2024-02,2.0,False,124,0.19655117355899732,0.12818918618852004,0.05882953956325228,-0.15112129356302595,0.16592931351593146,2.4188139388759473,2024-02-07,-0.12577703162575435,-2.3314822940114373,2023-12-26,Mixed
RNR,E4: 2026-07 to 2026-07,2026-07,2026-07,1.8,True,22,0.009719154307352706,0.0003481661020126037,0.009324121637431187,-0.05688191486101324,0.16339610412990993,2.3829306395797256,2026-07-06,-0.019338625149406707,-0.43604176473909834,2026-07-31,Spike
ROOT,E3: 2023-09 to 2024-02,2023-09,2024-02,2.0,False,124,1.806818181818182,0.12818918618852004,0.9114376648848033,-0.40654016955995154,2.964197530864196,4.341820118640716,2024-02-29,-0.31944444444444453,-1.1069800789302802,2024-02-07,Spike
ROOT,E4: 2026-07 to 2026-07,2026-07,2026-07,1.8,True,22,-0.031652360515021516,0.0003481661020126037,-0.03251222998481509,-0.18214771182600809,0.22948453608247424,0.7218337167220438,2026-07-17,-0.122792807387008,-0.3220922966673092,2026-07-31,No 2σ move
SGCFF,E3: 2023-09 to 2024-02,2023-09,2024-02,2.0,False,17,0.5262738853503186,0.12818918618852004,0.302215538752533,-0.08898305084745761,1.4742541436464085,3.6127900199223837,2024-01-04,-0.3043478260869566,-1.641437569214897,2023-10-19,Spike
SGCFF,E4: 2026-07 to 2026-07,2026-07,2026-07,1.8,True,11,0.025000000000000133,0.0003481661020126037,0.02434450708411181,-0.038523274478330705,-0.04301075268817213,-0.320711651417124,2026-07-20,-0.20522875816993458,-1.089843591237085,2026-07-15,No 2σ move
SIGI,E1: 2009-12 to 2010-01,2009-12,2010-01,1.5,False,41,-0.008333333333333304,-0.023194469710751342,0.015099444891872616,-0.10282021151586374,0.11314584695879673,1.3791792776816474,2009-12-28,-0.10070671378091871,-1.5347778092352355,2010-01-28,No 2σ move
SIGI,E2: 2015-08 to 2016-03,2015-08,2016-03,2.6,False,167,0.18825056799740336,-0.02365795724465558,0.19642441484437617,-0.20617449664429532,0.19929169349645842,2.3973345679830853,2015-10-28,-0.13887291546865999,-2.127129015373374,2016-01-28,Mixed
SIGI,E3: 2023-09 to 2024-02,2023-09,2024-02,2.0,False,124,0.05311964519705681,0.12818918618852004,-0.0688570073986577,-0.09574964969640354,0.08273490441994458,1.0008259478264758,2024-01-24,-0.06958269525267972,-1.0700444794189272,2023-09-05,No 2σ move
SIGI,E4: 2026-07 to 2026-07,2026-07,2026-07,1.8,True,22,-0.022884238738274387,0.0003481661020126037,-0.02349825301450174,-0.07358961557663513,0.17120804584259147,2.073679369272289,2026-07-02,-0.05351972041937095,-0.8362443910764581,2026-07-31,Spike
SLF,E1: 2009-12 to 2010-01,2009-12,2010-01,1.5,False,41,0.054054054054053946,-0.023194469710751342,0.07611142804781107,-0.0893524283935242,0.1982758620689659,2.2667715133331163,2010-01-08,-0.044002838892831735,-0.6342970591637253,2009-12-03,Spike
SLF,E2: 2015-08 to 2016-03,2015-08,2016-03,2.6,False,167,-0.010729613733905352,-0.02365795724465558,0.013154709191810844,-0.24812895797351753,0.17702095808383272,2.036915842172203,2016-03-11,-0.1682888540031397,-2.4229626423219948,2016-01-15,Mixed
SLF,E3: 2023-09 to 2024-02,2023-09,2024-02,2.0,False,124,0.088970889708897,0.12818918618852004,-0.035380744884563484,-0.11493570722057356,0.14304872597228452,1.6607698258406811,2023-11-27,-0.08319672131147553,-1.1719382941611791,2023-10-27,No 2σ move
SLF,E4: 2026-07 to 2026-07,2026-07,2026-07,1.8,True,22,0.057765876052027654,0.0003481661020126037,0.05581091426600819,-0.022667829119442096,0.10456247399805817,1.2208948524731185,2026-07-02,0.021532615579480194,0.21726189671117832,2026-07-20,No 2σ move
SLLDY,E3: 2023-09 to 2024-02,2023-09,2024-02,2.0,False,124,0.07402234636871508,0.12818918618852004,-0.04920305471996923,-0.09226594301221158,0.13137114142139295,1.3302004599228525,2023-11-15,-0.08855585831062676,-1.0995938906396148,2023-10-02,No 2σ move
SLLDY,E4: 2026-07 to 2026-07,2026-07,2026-07,1.8,True,22,-0.005545286506469571,0.0003481661020126037,-0.005908824190957002,-0.11267605633802813,0.09970958373668916,1.0111349617472214,2026-07-06,-0.06666666666666686,-0.8328221551335442,2026-07-23,No 2σ move
SNMCY,E3: 2023-09 to 2024-02,2023-09,2024-02,2.0,False,64,0.20871973985306536,0.12818918618852004,0.06894787595931488,-0.1115834411150205,0.11728362631473892,1.2086874914274175,2023-09-29,-0.10847144678419135,-1.4570506315363119,2023-09-05,No 2σ move
SNMCY,E4: 2026-07 to 2026-07,2026-07,2026-07,1.8,True,22,0.010447761194029681,0.0003481661020126037,0.010045455021003256,-0.04104477611940305,0.07996768982229352,0.807509376776606,2026-07-02,-0.0007698229407237507,-0.11014435389407674,2026-07-10,No 2σ move
SSREY,E3: 2023-09 to 2024-02,2023-09,2024-02,2.0,False,124,0.24494010739363903,0.12818918618852004,0.09847356498341474,-0.0711864406779662,0.11219305673158335,1.3461847191674592,2023-09-20,-0.04969366916269551,-0.8227374876256756,2023-12-28,No 2σ move
SSREY,E4: 2026-07 to 2026-07,2026-07,2026-07,1.8,True,22,0.05411527812735972,0.0003481661020126037,0.052353710669568745,-0.057256368310352745,0.13111287338091496,1.5787640025184535,2026-07-17,0.03203548546081795,0.31482962547125437,2026-07-31,No 2σ move
THG,E1: 2009-12 to 2010-01,2009-12,2010-01,1.5,False,41,0.018976699495556026,-0.023194469710751342,0.04226658249204145,-0.06212690692018563,0.09736906810917113,1.3633151521814504,2010-01-04,-0.05947380057483967,-1.0755112882758797,2010-01-28,No 2σ move
THG,E2: 2015-08 to 2016-03,2015-08,2016-03,2.6,False,167,0.11589363017934451,-0.02365795724465558,0.13359784627794202,-0.11180411180411176,0.11124031007751918,1.5619431321409762,2015-10-29,-0.07780373831775647,-1.3867295961031745,2015-12-18,No 2σ move
THG,E3: 2023-09 to 2024-02,2023-09,2024-02,2.0,False,124,0.23191529235382302,0.12818918618852004,0.08795624927623168,-0.0714227142271423,0.12963617096432384,1.821570358789435,2023-12-11,-0.06014441704825696,-1.0867901813835004,2023-09-05,No 2σ move
THG,E4: 2026-07 to 2026-07,2026-07,2026-07,1.8,True,22,0.0864468522323929,0.0003481661020126037,0.08256449752051208,-0.06637787103470061,0.18921384491548207,2.6342974811045288,2026-07-02,0.017728136882128695,0.17193694849555613,2026-07-23,Spike
TRV,E1: 2009-12 to 2010-01,2009-12,2010-01,1.5,False,41,-0.0328306928803207,-0.023194469710751342,-0.009914019369920785,-0.08945868945868951,0.0513178913738019,0.6938677091184515,2009-12-02,-0.08974600188146747,-1.687117675347318,2009-12-17,No 2σ move
TRV,E2: 2015-08 to 2016-03,2015-08,2016-03,2.6,False,167,0.09979268752355819,-0.02365795724465558,0.11906399647553134,-0.11870845204178537,0.16219239373601732,2.3508142482345784,2015-10-29,-0.09831286988781916,-1.8433878061169906,2016-01-25,Spike
TRV,E3: 2023-09 to 2024-02,2023-09,2024-02,2.0,False,124,0.37046455374309994,0.12818918618852004,0.19453591542036602,-0.067548417572036,0.16329416884247203,2.366473604347786,2024-01-22,-0.05977613717551784,-1.151772846396082,2023-10-24,Spike
TRV,E4: 2026-07 to 2026-07,2026-07,2026-07,1.8,True,22,0.1340118744698897,0.0003481661020126037,0.1254135710583124,-0.057549972307537445,0.21668918282069882,3.1081157688439047,2026-07-24,0.07413449929846296,1.048690190279999,2026-07-15,Spike
UVE,E1: 2009-12 to 2010-01,2009-12,2010-01,1.5,False,41,0.080438756855576,-0.023194469710751342,0.10083490954650631,-0.1486068111455109,0.1333333333333332,0.919649954989971,2010-01-11,-0.09379968203497605,-0.8482703228987529,2009-12-10,No 2σ move
UVE,E2: 2015-08 to 2016-03,2015-08,2016-03,2.6,False,167,-0.3508388037928519,-0.02365795724465558,-0.4081319165153209,-0.5473568281938326,0.3006583760058524,2.0081678124229363,2015-10-20,-0.49146475770925124,-5.414943958998511,2015-11-20,Mixed
UVE,E3: 2023-09 to 2024-02,2023-09,2024-02,2.0,False,124,0.59478672985782,0.12818918618852004,0.34612615834374844,-0.08016147635524806,0.24058823529411758,1.634400855031287,2024-02-23,-0.1703448275862069,-1.5458502560561507,2023-09-06,No 2σ move
UVE,E4: 2026-07 to 2026-07,2026-07,2026-07,1.8,True,22,0.05681818181818188,0.0003481661020126037,0.05491457316878969,-0.1295047663334108,0.2091319052987597,1.4313879662030666,2026-07-06,-0.07442888725128992,-0.6810840912466491,2026-07-23,No 2σ move
WRB,E1: 2009-12 to 2010-01,2009-12,2010-01,1.5,False,41,-0.015379362152564413,-0.023194469710751342,0.007968843325992972,-0.05654076305494593,0.06378675142671382,0.8591446482458074,2010-01-20,-0.04458554765684315,-0.9015403242864511,2009-12-18,No 2σ move
WRB,E2: 2015-08 to 2016-03,2015-08,2016-03,2.6,False,167,0.00861311834860734,-0.02365795724465558,0.03251853738948167,-0.17908093397354774,0.07767173044611897,1.07164864208255,2016-02-18,-0.13010369800062585,-2.4381550668281693,2016-01-28,Drawdown
WRB,E3: 2023-09 to 2024-02,2023-09,2024-02,2.0,False,124,0.35143792434529586,0.12818918618852004,0.18055529748246157,-0.05892668024439929,0.18787459905463552,2.6671173043648118,2024-01-25,-0.031118495700582265,-0.6721721275349857,2023-10-23,Spike
WRB,E4: 2026-07 to 2026-07,2026-07,2026-07,1.8,True,22,0.028498511271799254,0.0003481661020126037,0.027751877128408667,-0.05362946912242694,0.10399754939500674,1.46714227448928,2026-07-02,0.0063817980022200195,-0.04989003855045507,2026-07-31,No 2σ move
ZURVY,E3: 2023-09 to 2024-02,2023-09,2024-02,2.0,False,124,0.13289249146757665,0.12818918618852004,0.0041602319005829,-0.06316793893129757,0.07506814845879667,1.3167059088123627,2023-12-08,-0.04326641980120825,-1.061856188521019,2024-02-13,No 2σ move
ZURVY,E4: 2026-07 to 2026-07,2026-07,2026-07,1.8,True,22,0.027554690246342606,0.0003481661020126037,0.026833786982633754,-0.021011673151750898,0.10229264082347907,1.826793130742221,2026-07-08,0.004493787998942651,-0.06824481845199469,2026-07-31,No 2σ move
