ticker,month,position,gross_log_return,cost,net_log_return,wealth
XOM,2010-05,1.0,-0.024402953383802828,0.002,-0.026404956054475907,0.9739406065946573
XOM,2010-06,1.0,-0.004587237955860246,0.0,-0.004587237955860246,0.9694831408218656
XOM,2010-07,1.0,-0.021350899703117765,0.0,-0.021350899703117765,0.949003213944601
XOM,2010-08,1.0,0.04355637285230385,0.0,0.04355637285230385,0.9912517695532543
XOM,2010-09,1.0,-0.041429065228528295,0.0,-0.041429065228528295,0.9510241845675717
XOM,2010-10,1.0,0.03581960207833523,0.0,0.03581960207833523,0.9857069455617894
XOM,2010-11,0.0,0.0,0.002,-0.0020020026706730775,0.9837355316706659
XOM,2010-12,0.0,-0.0,0.0,-0.0,0.9837355316706659
XOM,2011-01,0.0,0.0,0.0,0.0,0.9837355316706659
XOM,2011-02,0.0,0.0,0.0,0.0,0.9837355316706659
XOM,2011-03,0.0,-0.0,0.0,-0.0,0.9837355316706659
XOM,2011-04,0.0,0.0,0.0,0.0,0.9837355316706659
XOM,2011-05,0.0,-0.0,0.0,-0.0,0.9837355316706659
XOM,2011-06,0.0,-0.0,0.0,-0.0,0.9837355316706659
XOM,2011-07,0.0,0.0,0.0,0.0,0.9837355316706659
XOM,2011-08,0.0,-0.0,0.0,-0.0,0.9837355316706659
XOM,2011-09,0.0,0.0,0.0,0.0,0.9837355316706659
XOM,2011-10,0.0,-0.0,0.0,-0.0,0.9837355316706659
XOM,2011-11,0.0,0.0,0.0,0.0,0.9837355316706659
XOM,2011-12,0.0,0.0,0.0,0.0,0.9837355316706659
XOM,2012-01,0.0,-0.0,0.0,-0.0,0.9837355316706659
XOM,2012-02,0.0,-0.0,0.0,-0.0,0.9837355316706659
XOM,2012-03,0.0,-0.0,0.0,-0.0,0.9837355316706659
XOM,2012-04,0.0,0.0,0.0,0.0,0.9837355316706659
XOM,2012-05,0.0,-0.0,0.0,-0.0,0.9837355316706659
XOM,2012-06,0.0,0.0,0.0,0.0,0.9837355316706659
XOM,2012-07,0.0,0.0,0.0,0.0,0.9837355316706659
XOM,2012-08,0.0,-0.0,0.0,-0.0,0.9837355316706659
XOM,2012-09,0.0,0.0,0.0,0.0,0.9837355316706659
XOM,2012-10,0.0,0.0,0.0,0.0,0.9837355316706659
XOM,2012-11,0.0,-0.0,0.0,-0.0,0.9837355316706659
XOM,2012-12,0.0,-0.0,0.0,-0.0,0.9837355316706659
XOM,2013-01,0.0,-0.0,0.0,-0.0,0.9837355316706659
XOM,2013-02,0.0,-0.0,0.0,-0.0,0.9837355316706659
XOM,2013-03,0.0,-0.0,0.0,-0.0,0.9837355316706659
XOM,2013-04,0.0,-0.0,0.0,-0.0,0.9837355316706659
XOM,2013-05,0.0,0.0,0.0,0.0,0.9837355316706659
XOM,2013-06,0.0,0.0,0.0,0.0,0.9837355316706659
XOM,2013-07,0.0,-0.0,0.0,-0.0,0.9837355316706659
XOM,2013-08,0.0,-0.0,0.0,-0.0,0.9837355316706659
XOM,2013-09,0.0,-0.0,0.0,-0.0,0.9837355316706659
XOM,2013-10,0.0,-0.0,0.0,-0.0,0.9837355316706659
XOM,2013-11,0.0,0.0,0.0,0.0,0.9837355316706659
XOM,2013-12,0.0,0.0,0.0,0.0,0.9837355316706659
XOM,2014-01,0.0,-0.0,0.0,-0.0,0.9837355316706659
XOM,2014-02,0.0,0.0,0.0,0.0,0.9837355316706659
XOM,2014-03,0.0,0.0,0.0,0.0,0.9837355316706659
XOM,2014-04,0.0,0.0,0.0,0.0,0.9837355316706659
XOM,2014-05,0.0,-0.0,0.0,-0.0,0.9837355316706659
XOM,2014-06,0.0,-0.0,0.0,-0.0,0.9837355316706659
XOM,2014-07,0.0,-0.0,0.0,-0.0,0.9837355316706659
XOM,2014-08,0.0,-0.0,0.0,-0.0,0.9837355316706659
XOM,2014-09,0.0,-0.0,0.0,-0.0,0.9837355316706659
XOM,2014-10,0.0,0.0,0.0,0.0,0.9837355316706659
XOM,2014-11,0.0,-0.0,0.0,-0.0,0.9837355316706659
XOM,2014-12,0.0,0.0,0.0,0.0,0.9837355316706659
XOM,2015-01,0.0,-0.0,0.0,-0.0,0.9837355316706659
XOM,2015-02,0.0,-0.0,0.0,-0.0,0.9837355316706659
XOM,2015-03,0.0,-0.0,0.0,-0.0,0.9837355316706659
XOM,2015-04,0.0,0.0,0.0,0.0,0.9837355316706659
XOM,2015-05,0.0,-0.0,0.0,-0.0,0.9837355316706659
XOM,2015-06,0.0,-0.0,0.0,-0.0,0.9837355316706659
XOM,2015-07,0.0,-0.0,0.0,-0.0,0.9837355316706659
XOM,2015-08,0.0,0.0,0.0,0.0,0.9837355316706659
XOM,2015-09,0.0,0.0,0.0,0.0,0.9837355316706659
XOM,2015-10,0.0,0.0,0.0,0.0,0.9837355316706659
XOM,2015-11,0.0,-0.0,0.0,-0.0,0.9837355316706659
XOM,2015-12,0.0,-0.0,0.0,-0.0,0.9837355316706659
XOM,2016-01,0.0,0.0,0.0,0.0,0.9837355316706659
XOM,2016-02,0.0,0.0,0.0,0.0,0.9837355316706659
XOM,2016-03,0.0,-0.0,0.0,-0.0,0.9837355316706659
XOM,2016-04,1.0,0.05201072066057666,0.002,0.050008717989903584,1.034181746870199
XOM,2016-05,1.0,-0.0015062545759665369,0.0,-0.0015062545759665369,1.032625178470028
XOM,2016-06,1.0,0.04821538497289257,0.0,0.04821538497289257,1.083633408418801
XOM,2016-07,1.0,-0.08829637396992496,0.0,-0.08829637396992496,0.9920550172822951
XOM,2016-08,1.0,-0.013262794462688632,0.0,-0.013262794462688632,0.9789844631229138
XOM,2016-09,1.0,0.0015470825017125378,0.0,0.0015470825017125378,0.9805002050418368
XOM,2016-10,0.0,-0.0,0.002,-0.0020020026706730775,0.978539204631753
XOM,2016-11,0.0,0.0,0.0,0.0,0.978539204631753
XOM,2016-12,0.0,0.0,0.0,0.0,0.978539204631753
XOM,2017-01,0.0,-0.0,0.0,-0.0,0.978539204631753
XOM,2017-02,0.0,-0.0,0.0,-0.0,0.978539204631753
XOM,2017-03,0.0,0.0,0.0,0.0,0.978539204631753
XOM,2017-04,0.0,-0.0,0.0,-0.0,0.978539204631753
XOM,2017-05,0.0,-0.0,0.0,-0.0,0.978539204631753
XOM,2017-06,0.0,-0.0,0.0,-0.0,0.978539204631753
XOM,2017-07,0.0,-0.0,0.0,-0.0,0.978539204631753
XOM,2017-08,0.0,-0.0,0.0,-0.0,0.978539204631753
XOM,2017-09,0.0,0.0,0.0,0.0,0.978539204631753
XOM,2017-10,0.0,-0.0,0.0,-0.0,0.978539204631753
XOM,2017-11,0.0,-0.0,0.0,-0.0,0.978539204631753
XOM,2017-12,0.0,-0.0,0.0,-0.0,0.978539204631753
XOM,2018-01,0.0,-0.0,0.0,-0.0,0.978539204631753
XOM,2018-02,0.0,-0.0,0.0,-0.0,0.978539204631753
XOM,2018-03,0.0,0.0,0.0,0.0,0.978539204631753
XOM,2018-04,0.0,0.0,0.0,0.0,0.978539204631753
XOM,2018-05,0.0,0.0,0.0,0.0,0.978539204631753
XOM,2018-06,0.0,0.0,0.0,0.0,0.978539204631753
XOM,2018-07,0.0,-0.0,0.0,-0.0,0.978539204631753
XOM,2018-08,0.0,-0.0,0.0,-0.0,0.978539204631753
XOM,2018-09,0.0,0.0,0.0,0.0,0.978539204631753
XOM,2018-10,0.0,0.0,0.0,0.0,0.978539204631753
XOM,2018-11,0.0,-0.0,0.0,-0.0,0.978539204631753
XOM,2018-12,0.0,-0.0,0.0,-0.0,0.978539204631753
XOM,2019-01,0.0,-0.0,0.0,-0.0,0.978539204631753
XOM,2019-02,0.0,0.0,0.0,0.0,0.978539204631753
XOM,2019-03,0.0,0.0,0.0,0.0,0.978539204631753
XOM,2019-04,1.0,-0.04649648221460101,0.002,-0.048498484885274085,0.9322139675009736
XOM,2019-05,1.0,-0.04879314472553853,0.0,-0.04879314472553853,0.8878201799896009
XOM,2019-06,1.0,0.012282604154194576,0.0,0.012282604154194576,0.8987921681763668
XOM,2019-07,1.0,-0.0450767762940365,0.0,-0.0450767762940365,0.8591770825032858
XOM,2019-08,1.0,-0.053133763259011424,0.0,-0.053133763259011424,0.8147173856872529
XOM,2019-09,1.0,0.011359531238010145,0.0,0.011359531238010145,0.8240249580230685
XOM,2019-10,0.0,-0.0,0.002,-0.0020020026706730775,0.8223769081070224
XOM,2019-11,0.0,-0.0,0.0,-0.0,0.8223769081070224
XOM,2019-12,0.0,-0.0,0.0,-0.0,0.8223769081070224
XOM,2020-01,0.0,-0.0,0.0,-0.0,0.8223769081070224
XOM,2020-02,0.0,-0.0,0.0,-0.0,0.8223769081070224
XOM,2020-03,0.0,-0.0,0.0,-0.0,0.8223769081070224
XOM,2020-04,-1.0,-0.08246596464416456,0.002,-0.08446796731483763,0.7557652773902397
XOM,2020-05,-1.0,0.049095514967446796,0.0,0.049095514967446796,0.7937958904657214
XOM,2020-06,-1.0,0.03421127305273419,0.0,0.03421127305273419,0.8214225352751453
XOM,2020-07,-1.0,0.11807153140948357,0.0,0.11807153140948357,0.924366989671624
XOM,2020-08,-1.0,0.10012665616053695,0.0,0.10012665616053695,1.0217129126541968
XOM,2020-09,-1.0,0.11319673273640429,0.0,0.11319673273640429,1.1441674763717342
XOM,2020-10,0.0,-0.0,0.002,-0.0020020026706730775,1.1418791414189908
XOM,2020-11,0.0,0.0,0.0,0.0,1.1418791414189908
XOM,2020-12,0.0,0.0,0.0,0.0,1.1418791414189908
XOM,2021-01,0.0,0.0,0.0,0.0,1.1418791414189908
XOM,2021-02,0.0,0.0,0.0,0.0,1.1418791414189908
XOM,2021-03,0.0,-0.0,0.0,-0.0,1.1418791414189908
XOM,2021-04,0.0,-0.0,0.0,-0.0,1.1418791414189908
XOM,2021-05,0.0,0.0,0.0,0.0,1.1418791414189908
XOM,2021-06,0.0,0.0,0.0,0.0,1.1418791414189908
XOM,2021-07,0.0,-0.0,0.0,-0.0,1.1418791414189908
XOM,2021-08,0.0,-0.0,0.0,-0.0,1.1418791414189908
XOM,2021-09,0.0,0.0,0.0,0.0,1.1418791414189908
XOM,2021-10,0.0,0.0,0.0,0.0,1.1418791414189908
XOM,2021-11,0.0,-0.0,0.0,-0.0,1.1418791414189908
XOM,2021-12,0.0,-0.0,0.0,-0.0,1.1418791414189908
XOM,2022-01,0.0,0.0,0.0,0.0,1.1418791414189908
XOM,2022-02,0.0,0.0,0.0,0.0,1.1418791414189908
XOM,2022-03,0.0,0.0,0.0,0.0,1.1418791414189908
XOM,2022-04,0.0,0.0,0.0,0.0,1.1418791414189908
XOM,2022-05,0.0,0.0,0.0,0.0,1.1418791414189908
XOM,2022-06,0.0,-0.0,0.0,-0.0,1.1418791414189908
XOM,2022-07,0.0,0.0,0.0,0.0,1.1418791414189908
XOM,2022-08,0.0,0.0,0.0,0.0,1.1418791414189908
XOM,2022-09,0.0,0.0,0.0,0.0,1.1418791414189908
XOM,2022-10,0.0,0.0,0.0,0.0,1.1418791414189908
XOM,2022-11,0.0,-0.0,0.0,-0.0,1.1418791414189908
XOM,2022-12,0.0,0.0,0.0,0.0,1.1418791414189908
XOM,2023-01,0.0,-0.0,0.0,-0.0,1.1418791414189908
XOM,2023-02,0.0,-0.0,0.0,-0.0,1.1418791414189908
XOM,2023-03,0.0,-0.0,0.0,-0.0,1.1418791414189908
XOM,2023-04,0.0,0.0,0.0,0.0,1.1418791414189908
XOM,2023-05,0.0,-0.0,0.0,-0.0,1.1418791414189908
XOM,2023-06,0.0,-0.0,0.0,-0.0,1.1418791414189908
XOM,2023-07,0.0,-0.0,0.0,-0.0,1.1418791414189908
XOM,2023-08,0.0,0.0,0.0,0.0,1.1418791414189908
XOM,2023-09,0.0,0.0,0.0,0.0,1.1418791414189908
XOM,2023-10,0.0,-0.0,0.0,-0.0,1.1418791414189908
XOM,2023-11,0.0,-0.0,0.0,-0.0,1.1418791414189908
XOM,2023-12,0.0,-0.0,0.0,-0.0,1.1418791414189908
XOM,2024-01,0.0,0.0,0.0,0.0,1.1418791414189908
XOM,2024-02,0.0,-0.0,0.0,-0.0,1.1418791414189908
XOM,2024-03,0.0,0.0,0.0,0.0,1.1418791414189908
XOM,2024-04,-1.0,-0.058468147061335074,0.002,-0.06047014973200815,1.0748758056417662
XOM,2024-05,-1.0,0.04982944705292969,0.0,0.04982944705292969,1.129793160679128
XOM,2024-06,-1.0,0.05309034849120042,0.0,0.05309034849120042,1.1913950373547741
XOM,2024-07,-1.0,-0.017660758165838786,0.0,-0.017660758165838786,1.1705388082190522
XOM,2024-08,-1.0,0.020574059066962747,0.0,0.020574059066962747,1.1948709903807753
XOM,2024-09,-1.0,0.02691021138947125,0.0,0.02691021138947125,1.2274617669387577
XOM,2024-10,0.0,0.0,0.002,-0.0020020026706730775,1.2250068434048802
XOM,2024-11,0.0,-0.0,0.0,-0.0,1.2250068434048802
XOM,2024-12,0.0,-0.0,0.0,-0.0,1.2250068434048802
XOM,2025-01,0.0,-0.0,0.0,-0.0,1.2250068434048802
XOM,2025-02,0.0,0.0,0.0,0.0,1.2250068434048802
XOM,2025-03,0.0,0.0,0.0,0.0,1.2250068434048802
XOM,2025-04,0.0,-0.0,0.0,-0.0,1.2250068434048802
XOM,2025-05,0.0,-0.0,0.0,-0.0,1.2250068434048802
XOM,2025-06,0.0,0.0,0.0,0.0,1.2250068434048802
XOM,2025-07,0.0,0.0,0.0,0.0,1.2250068434048802
XOM,2025-08,0.0,0.0,0.0,0.0,1.2250068434048802
XOM,2025-09,0.0,-0.0,0.0,-0.0,1.2250068434048802
XOM,2025-10,0.0,-0.0,0.0,-0.0,1.2250068434048802
XOM,2025-11,0.0,0.0,0.0,0.0,1.2250068434048802
XOM,2025-12,0.0,0.0,0.0,0.0,1.2250068434048802
XOM,2026-01,0.0,0.0,0.0,0.0,1.2250068434048802
XOM,2026-02,0.0,0.0,0.0,0.0,1.2250068434048802
XOM,2026-03,0.0,0.0,0.0,0.0,1.2250068434048802
XOM,2026-04,0.0,-0.0,0.0,-0.0,1.2250068434048802
XOM,2026-05,0.0,-0.0,0.0,-0.0,1.2250068434048802
XOM,2026-06,0.0,-0.0,0.0,-0.0,1.2250068434048802
XOM,2026-07,0.0,0.0,0.0,0.0,1.2250068434048802
CVX,2010-05,1.0,0.003994424491373216,0.002,0.001992421820700139,1.0019944080119472
CVX,2010-06,1.0,-0.03174386533772733,0.0,-0.03174386533772733,0.9706867740569478
CVX,2010-07,1.0,0.04997665727193601,0.0,0.04997665727193601,1.0204311292761847
CVX,2010-08,1.0,0.03629224360274641,0.0,0.03629224360274641,1.058145087056223
CVX,2010-09,1.0,0.004150168378622698,0.0,0.004150168378622698,1.0625456926473078
CVX,2010-10,1.0,-0.018546986917892472,0.0,-0.018546986917892472,1.0430202998976852
CVX,2010-11,0.0,-0.0,0.002,-0.0020020026706730775,1.0409342592978896
CVX,2010-12,0.0,0.0,0.0,0.0,1.0409342592978896
CVX,2011-01,0.0,0.0,0.0,0.0,1.0409342592978896
CVX,2011-02,0.0,0.0,0.0,0.0,1.0409342592978896
CVX,2011-03,0.0,0.0,0.0,0.0,1.0409342592978896
CVX,2011-04,0.0,-0.0,0.0,-0.0,1.0409342592978896
CVX,2011-05,0.0,-0.0,0.0,-0.0,1.0409342592978896
CVX,2011-06,0.0,-0.0,0.0,-0.0,1.0409342592978896
CVX,2011-07,0.0,0.0,0.0,0.0,1.0409342592978896
CVX,2011-08,0.0,0.0,0.0,0.0,1.0409342592978896
CVX,2011-09,0.0,0.0,0.0,0.0,1.0409342592978896
CVX,2011-10,0.0,0.0,0.0,0.0,1.0409342592978896
CVX,2011-11,0.0,-0.0,0.0,-0.0,1.0409342592978896
CVX,2011-12,0.0,0.0,0.0,0.0,1.0409342592978896
CVX,2012-01,0.0,-0.0,0.0,-0.0,1.0409342592978896
CVX,2012-02,0.0,0.0,0.0,0.0,1.0409342592978896
CVX,2012-03,0.0,-0.0,0.0,-0.0,1.0409342592978896
CVX,2012-04,0.0,0.0,0.0,0.0,1.0409342592978896
CVX,2012-05,0.0,-0.0,0.0,-0.0,1.0409342592978896
CVX,2012-06,0.0,0.0,0.0,0.0,1.0409342592978896
CVX,2012-07,0.0,0.0,0.0,0.0,1.0409342592978896
CVX,2012-08,0.0,0.0,0.0,0.0,1.0409342592978896
CVX,2012-09,0.0,0.0,0.0,0.0,1.0409342592978896
CVX,2012-10,0.0,-0.0,0.0,-0.0,1.0409342592978896
CVX,2012-11,0.0,-0.0,0.0,-0.0,1.0409342592978896
CVX,2012-12,0.0,0.0,0.0,0.0,1.0409342592978896
CVX,2013-01,0.0,0.0,0.0,0.0,1.0409342592978896
CVX,2013-02,0.0,0.0,0.0,0.0,1.0409342592978896
CVX,2013-03,0.0,-0.0,0.0,-0.0,1.0409342592978896
CVX,2013-04,0.0,0.0,0.0,0.0,1.0409342592978896
CVX,2013-05,0.0,-0.0,0.0,-0.0,1.0409342592978896
CVX,2013-06,0.0,-0.0,0.0,-0.0,1.0409342592978896
CVX,2013-07,0.0,0.0,0.0,0.0,1.0409342592978896
CVX,2013-08,0.0,-0.0,0.0,-0.0,1.0409342592978896
CVX,2013-09,0.0,-0.0,0.0,-0.0,1.0409342592978896
CVX,2013-10,0.0,-0.0,0.0,-0.0,1.0409342592978896
CVX,2013-11,0.0,-0.0,0.0,-0.0,1.0409342592978896
CVX,2013-12,0.0,-0.0,0.0,-0.0,1.0409342592978896
CVX,2014-01,0.0,-0.0,0.0,-0.0,1.0409342592978896
CVX,2014-02,0.0,-0.0,0.0,-0.0,1.0409342592978896
CVX,2014-03,0.0,0.0,0.0,0.0,1.0409342592978896
CVX,2014-04,0.0,0.0,0.0,0.0,1.0409342592978896
CVX,2014-05,0.0,-0.0,0.0,-0.0,1.0409342592978896
CVX,2014-06,0.0,0.0,0.0,0.0,1.0409342592978896
CVX,2014-07,0.0,0.0,0.0,0.0,1.0409342592978896
CVX,2014-08,0.0,-0.0,0.0,-0.0,1.0409342592978896
CVX,2014-09,0.0,-0.0,0.0,-0.0,1.0409342592978896
CVX,2014-10,0.0,-0.0,0.0,-0.0,1.0409342592978896
CVX,2014-11,0.0,-0.0,0.0,-0.0,1.0409342592978896
CVX,2014-12,0.0,0.0,0.0,0.0,1.0409342592978896
CVX,2015-01,0.0,-0.0,0.0,-0.0,1.0409342592978896
CVX,2015-02,0.0,-0.0,0.0,-0.0,1.0409342592978896
CVX,2015-03,0.0,-0.0,0.0,-0.0,1.0409342592978896
CVX,2015-04,0.0,0.0,0.0,0.0,1.0409342592978896
CVX,2015-05,0.0,-0.0,0.0,-0.0,1.0409342592978896
CVX,2015-06,0.0,-0.0,0.0,-0.0,1.0409342592978896
CVX,2015-07,0.0,-0.0,0.0,-0.0,1.0409342592978896
CVX,2015-08,0.0,-0.0,0.0,-0.0,1.0409342592978896
CVX,2015-09,0.0,-0.0,0.0,-0.0,1.0409342592978896
CVX,2015-10,0.0,0.0,0.0,0.0,1.0409342592978896
CVX,2015-11,0.0,0.0,0.0,0.0,1.0409342592978896
CVX,2015-12,0.0,0.0,0.0,0.0,1.0409342592978896
CVX,2016-01,0.0,0.0,0.0,0.0,1.0409342592978896
CVX,2016-02,0.0,-0.0,0.0,-0.0,1.0409342592978896
CVX,2016-03,0.0,0.0,0.0,0.0,1.0409342592978896
CVX,2016-04,1.0,0.06472003217645561,0.002,0.06271802950578254,1.1083103691415215
CVX,2016-05,1.0,-0.017965035479212688,0.0,-0.017965035479212688,1.0885773172482889
CVX,2016-06,1.0,0.0337709296892621,0.0,0.0337709296892621,1.125967380416942
CVX,2016-07,1.0,-0.05851812846321103,0.0,-0.05851812846321103,1.061968680574412
CVX,2016-08,1.0,-0.009429144726706973,0.0,-0.009429144726706973,1.052002285323212
CVX,2016-09,1.0,0.022940318335918697,0.0,0.022940318335918697,1.076414493973127
CVX,2016-10,0.0,0.0,0.002,-0.0020020026706730775,1.0742616649851808
CVX,2016-11,0.0,0.0,0.0,0.0,1.0742616649851808
CVX,2016-12,0.0,0.0,0.0,0.0,1.0742616649851808
CVX,2017-01,0.0,-0.0,0.0,-0.0,1.0742616649851808
CVX,2017-02,0.0,-0.0,0.0,-0.0,1.0742616649851808
CVX,2017-03,0.0,-0.0,0.0,-0.0,1.0742616649851808
CVX,2017-04,0.0,-0.0,0.0,-0.0,1.0742616649851808
CVX,2017-05,0.0,-0.0,0.0,-0.0,1.0742616649851808
CVX,2017-06,0.0,0.0,0.0,0.0,1.0742616649851808
CVX,2017-07,0.0,0.0,0.0,0.0,1.0742616649851808
CVX,2017-08,0.0,-0.0,0.0,-0.0,1.0742616649851808
CVX,2017-09,0.0,0.0,0.0,0.0,1.0742616649851808
CVX,2017-10,0.0,-0.0,0.0,-0.0,1.0742616649851808
CVX,2017-11,0.0,0.0,0.0,0.0,1.0742616649851808
CVX,2017-12,0.0,0.0,0.0,0.0,1.0742616649851808
CVX,2018-01,0.0,-0.0,0.0,-0.0,1.0742616649851808
CVX,2018-02,0.0,-0.0,0.0,-0.0,1.0742616649851808
CVX,2018-03,0.0,0.0,0.0,0.0,1.0742616649851808
CVX,2018-04,0.0,0.0,0.0,0.0,1.0742616649851808
CVX,2018-05,0.0,-0.0,0.0,-0.0,1.0742616649851808
CVX,2018-06,0.0,0.0,0.0,0.0,1.0742616649851808
CVX,2018-07,0.0,-0.0,0.0,-0.0,1.0742616649851808
CVX,2018-08,0.0,-0.0,0.0,-0.0,1.0742616649851808
CVX,2018-09,0.0,0.0,0.0,0.0,1.0742616649851808
CVX,2018-10,0.0,-0.0,0.0,-0.0,1.0742616649851808
CVX,2018-11,0.0,0.0,0.0,0.0,1.0742616649851808
CVX,2018-12,0.0,0.0,0.0,0.0,1.0742616649851808
CVX,2019-01,0.0,-0.0,0.0,-0.0,1.0742616649851808
CVX,2019-02,0.0,0.0,0.0,0.0,1.0742616649851808
CVX,2019-03,0.0,0.0,0.0,0.0,1.0742616649851808
CVX,2019-04,1.0,-0.06569512305088931,0.002,-0.06769712572156239,1.003944234717909
CVX,2019-05,1.0,0.02257638801197448,0.0,0.02257638801197448,1.0268674574458738
CVX,2019-06,1.0,0.021671020779263195,0.0,0.021671020779263195,1.0493636002383941
CVX,2019-07,1.0,-0.0257517015348796,0.0,-0.0257517015348796,1.0226856772316277
CVX,2019-08,1.0,-0.01765766204243402,0.0,-0.01765766204243402,1.0047859380223119
CVX,2019-09,1.0,-0.011822951258405823,0.0,-0.011822951258405823,0.9929763524928015
CVX,2019-10,0.0,-0.0,0.002,-0.0020020026706730775,0.9909903997878159
CVX,2019-11,0.0,-0.0,0.0,-0.0,0.9909903997878159
CVX,2019-12,0.0,-0.0,0.0,-0.0,0.9909903997878159
CVX,2020-01,0.0,-0.0,0.0,-0.0,0.9909903997878159
CVX,2020-02,0.0,-0.0,0.0,-0.0,0.9909903997878159
CVX,2020-03,0.0,-0.0,0.0,-0.0,0.9909903997878159
CVX,2020-04,1.0,0.11920928737309833,0.002,0.11720728470242525,1.1142225003819877
CVX,2020-05,1.0,-0.035236197838360184,0.0,-0.035236197838360184,1.0756451862098981
CVX,2020-06,1.0,-0.04488440741301769,0.0,-0.04488440741301769,1.0284329617186274
CVX,2020-07,1.0,-0.11833831899870972,0.0,-0.11833831899870972,0.9136551542668814
CVX,2020-08,1.0,-0.053274938472387845,0.0,-0.053274938472387845,0.866254087289104
CVX,2020-09,1.0,-0.11515501129701722,0.0,-0.11515501129701722,0.7720298828011112
CVX,2020-10,0.0,-0.0,0.002,-0.0020020026706730775,0.7704858230355089
CVX,2020-11,0.0,0.0,0.0,0.0,0.7704858230355089
CVX,2020-12,0.0,-0.0,0.0,-0.0,0.7704858230355089
CVX,2021-01,0.0,0.0,0.0,0.0,0.7704858230355089
CVX,2021-02,0.0,0.0,0.0,0.0,0.7704858230355089
CVX,2021-03,0.0,0.0,0.0,0.0,0.7704858230355089
CVX,2021-04,0.0,-0.0,0.0,-0.0,0.7704858230355089
CVX,2021-05,0.0,0.0,0.0,0.0,0.7704858230355089
CVX,2021-06,0.0,-0.0,0.0,-0.0,0.7704858230355089
CVX,2021-07,0.0,-0.0,0.0,-0.0,0.7704858230355089
CVX,2021-08,0.0,-0.0,0.0,-0.0,0.7704858230355089
CVX,2021-09,0.0,0.0,0.0,0.0,0.7704858230355089
CVX,2021-10,0.0,0.0,0.0,0.0,0.7704858230355089
CVX,2021-11,0.0,0.0,0.0,0.0,0.7704858230355089
CVX,2021-12,0.0,-0.0,0.0,-0.0,0.7704858230355089
CVX,2022-01,0.0,0.0,0.0,0.0,0.7704858230355089
CVX,2022-02,0.0,0.0,0.0,0.0,0.7704858230355089
CVX,2022-03,0.0,0.0,0.0,0.0,0.7704858230355089
CVX,2022-04,0.0,0.0,0.0,0.0,0.7704858230355089
CVX,2022-05,0.0,0.0,0.0,0.0,0.7704858230355089
CVX,2022-06,0.0,-0.0,0.0,-0.0,0.7704858230355089
CVX,2022-07,0.0,0.0,0.0,0.0,0.7704858230355089
CVX,2022-08,0.0,0.0,0.0,0.0,0.7704858230355089
CVX,2022-09,0.0,0.0,0.0,0.0,0.7704858230355089
CVX,2022-10,0.0,0.0,0.0,0.0,0.7704858230355089
CVX,2022-11,0.0,-0.0,0.0,-0.0,0.7704858230355089
CVX,2022-12,0.0,0.0,0.0,0.0,0.7704858230355089
CVX,2023-01,0.0,-0.0,0.0,-0.0,0.7704858230355089
CVX,2023-02,0.0,-0.0,0.0,-0.0,0.7704858230355089
CVX,2023-03,0.0,-0.0,0.0,-0.0,0.7704858230355089
CVX,2023-04,0.0,0.0,0.0,0.0,0.7704858230355089
CVX,2023-05,0.0,-0.0,0.0,-0.0,0.7704858230355089
CVX,2023-06,0.0,-0.0,0.0,-0.0,0.7704858230355089
CVX,2023-07,0.0,0.0,0.0,0.0,0.7704858230355089
CVX,2023-08,0.0,0.0,0.0,0.0,0.7704858230355089
CVX,2023-09,0.0,0.0,0.0,0.0,0.7704858230355089
CVX,2023-10,0.0,-0.0,0.0,-0.0,0.7704858230355089
CVX,2023-11,0.0,-0.0,0.0,-0.0,0.7704858230355089
CVX,2023-12,0.0,-0.0,0.0,-0.0,0.7704858230355089
CVX,2024-01,0.0,-0.0,0.0,-0.0,0.7704858230355089
CVX,2024-02,0.0,-0.0,0.0,-0.0,0.7704858230355089
CVX,2024-03,0.0,0.0,0.0,0.0,0.7704858230355089
CVX,2024-04,1.0,0.06328689108291652,0.002,0.06128488841224344,0.8191818868883434
CVX,2024-05,1.0,-0.032928165329050074,0.0,-0.032928165329050074,0.7926470003727568
CVX,2024-06,1.0,-0.07157349688132442,0.0,-0.07157349688132442,0.7378971716598823
CVX,2024-07,1.0,0.013525966806050782,0.0,0.013525966806050782,0.7479457494750563
CVX,2024-08,1.0,-0.09320014479280037,0.0,-0.09320014479280037,0.6813869158043283
CVX,2024-09,1.0,-0.025393443973543484,0.0,-0.025393443973543484,0.664301995870381
CVX,2024-10,0.0,0.0,0.002,-0.0020020026706730775,0.6629733918786402
CVX,2024-11,0.0,0.0,0.0,0.0,0.6629733918786402
CVX,2024-12,0.0,-0.0,0.0,-0.0,0.6629733918786402
CVX,2025-01,0.0,0.0,0.0,0.0,0.6629733918786402
CVX,2025-02,0.0,0.0,0.0,0.0,0.6629733918786402
CVX,2025-03,0.0,0.0,0.0,0.0,0.6629733918786402
CVX,2025-04,0.0,-0.0,0.0,-0.0,0.6629733918786402
CVX,2025-05,0.0,-0.0,0.0,-0.0,0.6629733918786402
CVX,2025-06,0.0,-0.0,0.0,-0.0,0.6629733918786402
CVX,2025-07,0.0,0.0,0.0,0.0,0.6629733918786402
CVX,2025-08,0.0,0.0,0.0,0.0,0.6629733918786402
CVX,2025-09,0.0,-0.0,0.0,-0.0,0.6629733918786402
CVX,2025-10,0.0,-0.0,0.0,-0.0,0.6629733918786402
CVX,2025-11,0.0,-0.0,0.0,-0.0,0.6629733918786402
CVX,2025-12,0.0,0.0,0.0,0.0,0.6629733918786402
CVX,2026-01,0.0,0.0,0.0,0.0,0.6629733918786402
CVX,2026-02,0.0,0.0,0.0,0.0,0.6629733918786402
CVX,2026-03,0.0,0.0,0.0,0.0,0.6629733918786402
CVX,2026-04,0.0,-0.0,0.0,-0.0,0.6629733918786402
CVX,2026-05,0.0,-0.0,0.0,-0.0,0.6629733918786402
CVX,2026-06,0.0,-0.0,0.0,-0.0,0.6629733918786402
CVX,2026-07,0.0,0.0,0.0,0.0,0.6629733918786402
COP,2020-04,-1.0,-0.19298844649979552,0.002,-0.1949904491704686,0.822842516847099
COP,2020-05,-1.0,0.034695636352868764,0.0,0.034695636352868764,0.8518926030830143
COP,2020-06,-1.0,0.021379813696432937,0.0,0.021379813696432937,0.8703020017493086
COP,2020-07,-1.0,0.1638154167576955,0.0,0.1638154167576955,1.0252130223050995
COP,2020-08,-1.0,0.054184641464293914,0.0,0.054184641464293914,1.0822963773118688
COP,2020-09,-1.0,0.10487795266461797,0.0,0.10487795266461797,1.201971363475339
COP,2020-10,0.0,-0.0,0.002,-0.0020020026706730775,1.1995674207483884
COP,2020-11,0.0,0.0,0.0,0.0,1.1995674207483884
COP,2020-12,0.0,-0.0,0.0,-0.0,1.1995674207483884
COP,2021-01,0.0,0.0,0.0,0.0,1.1995674207483884
COP,2021-02,0.0,0.0,0.0,0.0,1.1995674207483884
COP,2021-03,0.0,-0.0,0.0,-0.0,1.1995674207483884
COP,2021-04,0.0,-0.0,0.0,-0.0,1.1995674207483884
COP,2021-05,0.0,0.0,0.0,0.0,1.1995674207483884
COP,2021-06,0.0,0.0,0.0,0.0,1.1995674207483884
COP,2021-07,0.0,-0.0,0.0,-0.0,1.1995674207483884
COP,2021-08,0.0,-0.0,0.0,-0.0,1.1995674207483884
COP,2021-09,0.0,0.0,0.0,0.0,1.1995674207483884
COP,2021-10,0.0,0.0,0.0,0.0,1.1995674207483884
COP,2021-11,0.0,-0.0,0.0,-0.0,1.1995674207483884
COP,2021-12,0.0,-0.0,0.0,-0.0,1.1995674207483884
COP,2022-01,0.0,0.0,0.0,0.0,1.1995674207483884
COP,2022-02,0.0,0.0,0.0,0.0,1.1995674207483884
COP,2022-03,0.0,0.0,0.0,0.0,1.1995674207483884
COP,2022-04,0.0,0.0,0.0,0.0,1.1995674207483884
COP,2022-05,0.0,0.0,0.0,0.0,1.1995674207483884
COP,2022-06,0.0,-0.0,0.0,-0.0,1.1995674207483884
COP,2022-07,0.0,-0.0,0.0,-0.0,1.1995674207483884
COP,2022-08,0.0,0.0,0.0,0.0,1.1995674207483884
COP,2022-09,0.0,0.0,0.0,0.0,1.1995674207483884
COP,2022-10,0.0,0.0,0.0,0.0,1.1995674207483884
COP,2022-11,0.0,-0.0,0.0,-0.0,1.1995674207483884
COP,2022-12,0.0,0.0,0.0,0.0,1.1995674207483884
COP,2023-01,0.0,-0.0,0.0,-0.0,1.1995674207483884
COP,2023-02,0.0,-0.0,0.0,-0.0,1.1995674207483884
COP,2023-03,0.0,-0.0,0.0,-0.0,1.1995674207483884
COP,2023-04,0.0,0.0,0.0,0.0,1.1995674207483884
COP,2023-05,0.0,-0.0,0.0,-0.0,1.1995674207483884
COP,2023-06,0.0,-0.0,0.0,-0.0,1.1995674207483884
COP,2023-07,0.0,0.0,0.0,0.0,1.1995674207483884
COP,2023-08,0.0,0.0,0.0,0.0,1.1995674207483884
COP,2023-09,0.0,0.0,0.0,0.0,1.1995674207483884
COP,2023-10,0.0,0.0,0.0,0.0,1.1995674207483884
COP,2023-11,0.0,-0.0,0.0,-0.0,1.1995674207483884
COP,2023-12,0.0,-0.0,0.0,-0.0,1.1995674207483884
COP,2024-01,0.0,-0.0,0.0,-0.0,1.1995674207483884
COP,2024-02,0.0,-0.0,0.0,-0.0,1.1995674207483884
COP,2024-03,0.0,0.0,0.0,0.0,1.1995674207483884
COP,2024-04,-1.0,-0.028027113057040864,0.002,-0.030029115727713943,1.164080952098124
COP,2024-05,-1.0,0.11854274113205232,0.0,0.11854274113205232,1.3105863526305404
COP,2024-06,-1.0,0.05286506549544967,0.0,0.05286506549544967,1.3817346464431453
COP,2024-07,-1.0,0.040232201902441034,0.0,0.040232201902441034,1.4384582810661848
COP,2024-08,-1.0,-0.007125728085830119,0.0,-0.007125728085830119,1.4282446514833205
COP,2024-09,-1.0,0.09851787865730621,0.0,0.09851787865730621,1.576116724509985
COP,2024-10,0.0,0.0,0.002,-0.0020020026706730775,1.572964491060965
COP,2024-11,0.0,-0.0,0.0,-0.0,1.572964491060965
COP,2024-12,0.0,-0.0,0.0,-0.0,1.572964491060965
COP,2025-01,0.0,-0.0,0.0,-0.0,1.572964491060965
COP,2025-02,0.0,0.0,0.0,0.0,1.572964491060965
COP,2025-03,0.0,0.0,0.0,0.0,1.572964491060965
COP,2025-04,0.0,-0.0,0.0,-0.0,1.572964491060965
COP,2025-05,0.0,-0.0,0.0,-0.0,1.572964491060965
COP,2025-06,0.0,0.0,0.0,0.0,1.572964491060965
COP,2025-07,0.0,0.0,0.0,0.0,1.572964491060965
COP,2025-08,0.0,0.0,0.0,0.0,1.572964491060965
COP,2025-09,0.0,-0.0,0.0,-0.0,1.572964491060965
COP,2025-10,0.0,-0.0,0.0,-0.0,1.572964491060965
COP,2025-11,0.0,0.0,0.0,0.0,1.572964491060965
COP,2025-12,0.0,0.0,0.0,0.0,1.572964491060965
COP,2026-01,0.0,0.0,0.0,0.0,1.572964491060965
COP,2026-02,0.0,0.0,0.0,0.0,1.572964491060965
COP,2026-03,0.0,0.0,0.0,0.0,1.572964491060965
COP,2026-04,0.0,-0.0,0.0,-0.0,1.572964491060965
COP,2026-05,0.0,-0.0,0.0,-0.0,1.572964491060965
COP,2026-06,0.0,-0.0,0.0,-0.0,1.572964491060965
COP,2026-07,0.0,0.0,0.0,0.0,1.572964491060965
EOG,2010-05,1.0,0.015832066430339964,0.002,0.013830063759666887,1.0139261415009562
EOG,2010-06,1.0,-0.0105833320837041,0.0,-0.0105833320837041,1.0032520080179943
EOG,2010-07,1.0,-0.07350020371395871,0.0,-0.07350020371395871,0.9321575140939249
EOG,2010-08,1.0,-0.06941610735389148,0.0,-0.06941610735389148,0.8696455367381417
EOG,2010-09,1.0,-0.017906377269201634,0.0,-0.017906377269201634,0.8542119280583481
EOG,2010-10,1.0,-0.006771886737343635,0.0,-0.006771886737343635,0.8484468439117534
EOG,2010-11,0.0,-0.0,0.002,-0.0020020026706730775,0.84674995022393
EOG,2010-12,0.0,-0.0,0.0,-0.0,0.84674995022393
EOG,2011-01,0.0,0.0,0.0,0.0,0.84674995022393
EOG,2011-02,0.0,0.0,0.0,0.0,0.84674995022393
EOG,2011-03,0.0,0.0,0.0,0.0,0.84674995022393
EOG,2011-04,0.0,-0.0,0.0,-0.0,0.84674995022393
EOG,2011-05,0.0,-0.0,0.0,-0.0,0.84674995022393
EOG,2011-06,0.0,-0.0,0.0,-0.0,0.84674995022393
EOG,2011-07,0.0,-0.0,0.0,-0.0,0.84674995022393
EOG,2011-08,0.0,-0.0,0.0,-0.0,0.84674995022393
EOG,2011-09,0.0,-0.0,0.0,-0.0,0.84674995022393
EOG,2011-10,0.0,0.0,0.0,0.0,0.84674995022393
EOG,2011-11,0.0,0.0,0.0,0.0,0.84674995022393
EOG,2011-12,0.0,-0.0,0.0,-0.0,0.84674995022393
EOG,2012-01,0.0,0.0,0.0,0.0,0.84674995022393
EOG,2012-02,0.0,0.0,0.0,0.0,0.84674995022393
EOG,2012-03,0.0,-0.0,0.0,-0.0,0.84674995022393
EOG,2012-04,0.0,-0.0,0.0,-0.0,0.84674995022393
EOG,2012-05,0.0,-0.0,0.0,-0.0,0.84674995022393
EOG,2012-06,0.0,-0.0,0.0,-0.0,0.84674995022393
EOG,2012-07,0.0,0.0,0.0,0.0,0.84674995022393
EOG,2012-08,0.0,0.0,0.0,0.0,0.84674995022393
EOG,2012-09,0.0,0.0,0.0,0.0,0.84674995022393
EOG,2012-10,0.0,0.0,0.0,0.0,0.84674995022393
EOG,2012-11,0.0,0.0,0.0,0.0,0.84674995022393
EOG,2012-12,0.0,0.0,0.0,0.0,0.84674995022393
EOG,2013-01,0.0,-0.0,0.0,-0.0,0.84674995022393
EOG,2013-02,0.0,-0.0,0.0,-0.0,0.84674995022393
EOG,2013-03,0.0,-0.0,0.0,-0.0,0.84674995022393
EOG,2013-04,0.0,-0.0,0.0,-0.0,0.84674995022393
EOG,2013-05,0.0,0.0,0.0,0.0,0.84674995022393
EOG,2013-06,0.0,0.0,0.0,0.0,0.84674995022393
EOG,2013-07,0.0,0.0,0.0,0.0,0.84674995022393
EOG,2013-08,0.0,0.0,0.0,0.0,0.84674995022393
EOG,2013-09,0.0,0.0,0.0,0.0,0.84674995022393
EOG,2013-10,0.0,0.0,0.0,0.0,0.84674995022393
EOG,2013-11,0.0,-0.0,0.0,-0.0,0.84674995022393
EOG,2013-12,0.0,-0.0,0.0,-0.0,0.84674995022393
EOG,2014-01,0.0,0.0,0.0,0.0,0.84674995022393
EOG,2014-02,0.0,0.0,0.0,0.0,0.84674995022393
EOG,2014-03,0.0,0.0,0.0,0.0,0.84674995022393
EOG,2014-04,0.0,-0.0,0.0,-0.0,0.84674995022393
EOG,2014-05,0.0,0.0,0.0,0.0,0.84674995022393
EOG,2014-06,0.0,0.0,0.0,0.0,0.84674995022393
EOG,2014-07,0.0,-0.0,0.0,-0.0,0.84674995022393
EOG,2014-08,0.0,-0.0,0.0,-0.0,0.84674995022393
EOG,2014-09,0.0,-0.0,0.0,-0.0,0.84674995022393
EOG,2014-10,0.0,-0.0,0.0,-0.0,0.84674995022393
EOG,2014-11,0.0,-0.0,0.0,-0.0,0.84674995022393
EOG,2014-12,0.0,0.0,0.0,0.0,0.84674995022393
EOG,2015-01,0.0,-0.0,0.0,-0.0,0.84674995022393
EOG,2015-02,0.0,-0.0,0.0,-0.0,0.84674995022393
EOG,2015-03,0.0,0.0,0.0,0.0,0.84674995022393
EOG,2015-04,0.0,0.0,0.0,0.0,0.84674995022393
EOG,2015-05,0.0,-0.0,0.0,-0.0,0.84674995022393
EOG,2015-06,0.0,0.0,0.0,0.0,0.84674995022393
EOG,2015-07,0.0,-0.0,0.0,-0.0,0.84674995022393
EOG,2015-08,0.0,0.0,0.0,0.0,0.84674995022393
EOG,2015-09,0.0,-0.0,0.0,-0.0,0.84674995022393
EOG,2015-10,0.0,0.0,0.0,0.0,0.84674995022393
EOG,2015-11,0.0,-0.0,0.0,-0.0,0.84674995022393
EOG,2015-12,0.0,-0.0,0.0,-0.0,0.84674995022393
EOG,2016-01,0.0,0.0,0.0,0.0,0.84674995022393
EOG,2016-02,0.0,-0.0,0.0,-0.0,0.84674995022393
EOG,2016-03,0.0,0.0,0.0,0.0,0.84674995022393
EOG,2016-04,1.0,0.12778848063746073,0.002,0.12578647796678766,0.9602483134700471
EOG,2016-05,1.0,-0.03223265971334843,0.0,-0.03223265971334843,0.9297904620768257
EOG,2016-06,1.0,0.021555793094535147,0.0,0.021555793094535147,0.9500504080204027
EOG,2016-07,1.0,-0.05471163639894794,0.0,-0.05471163639894794,0.8994679374185345
EOG,2016-08,1.0,0.07863877136481978,0.0,0.07863877136481978,0.9730565300628677
EOG,2016-09,1.0,0.0887690201158069,0.0,0.0887690201158069,1.0633836219290451
EOG,2016-10,0.0,-0.0,0.002,-0.0020020026706730775,1.061256854685187
EOG,2016-11,0.0,0.0,0.0,0.0,1.061256854685187
EOG,2016-12,0.0,-0.0,0.0,-0.0,1.061256854685187
EOG,2017-01,0.0,-0.0,0.0,-0.0,1.061256854685187
EOG,2017-02,0.0,-0.0,0.0,-0.0,1.061256854685187
EOG,2017-03,0.0,0.0,0.0,0.0,1.061256854685187
EOG,2017-04,0.0,-0.0,0.0,-0.0,1.061256854685187
EOG,2017-05,0.0,-0.0,0.0,-0.0,1.061256854685187
EOG,2017-06,0.0,-0.0,0.0,-0.0,1.061256854685187
EOG,2017-07,0.0,0.0,0.0,0.0,1.061256854685187
EOG,2017-08,0.0,-0.0,0.0,-0.0,1.061256854685187
EOG,2017-09,0.0,0.0,0.0,0.0,1.061256854685187
EOG,2017-10,0.0,0.0,0.0,0.0,1.061256854685187
EOG,2017-11,0.0,-0.0,0.0,-0.0,1.061256854685187
EOG,2017-12,0.0,0.0,0.0,0.0,1.061256854685187
EOG,2018-01,0.0,0.0,0.0,0.0,1.061256854685187
EOG,2018-02,0.0,-0.0,0.0,-0.0,1.061256854685187
EOG,2018-03,0.0,0.0,0.0,0.0,1.061256854685187
EOG,2018-04,0.0,0.0,0.0,0.0,1.061256854685187
EOG,2018-05,0.0,-0.0,0.0,-0.0,1.061256854685187
EOG,2018-06,0.0,0.0,0.0,0.0,1.061256854685187
EOG,2018-07,0.0,0.0,0.0,0.0,1.061256854685187
EOG,2018-08,0.0,-0.0,0.0,-0.0,1.061256854685187
EOG,2018-09,0.0,0.0,0.0,0.0,1.061256854685187
EOG,2018-10,0.0,-0.0,0.0,-0.0,1.061256854685187
EOG,2018-11,0.0,-0.0,0.0,-0.0,1.061256854685187
EOG,2018-12,0.0,-0.0,0.0,-0.0,1.061256854685187
EOG,2019-01,0.0,0.0,0.0,0.0,1.061256854685187
EOG,2019-02,0.0,-0.0,0.0,-0.0,1.061256854685187
EOG,2019-03,0.0,-0.0,0.0,-0.0,1.061256854685187
EOG,2019-04,1.0,-0.028849002776870414,0.002,-0.030851005447543493,1.0290159037196391
EOG,2019-05,1.0,-0.09371877036582354,0.0,-0.09371877036582354,0.936958902788445
EOG,2019-06,1.0,0.06179282548262677,0.0,0.06179282548262677,0.9966824825213875
EOG,2019-07,1.0,-0.09347927790147637,0.0,-0.09347927790147637,0.9077354381232411
EOG,2019-08,1.0,-0.12908702584905107,0.0,-0.12908702584905107,0.7978063849142367
EOG,2019-09,1.0,-0.018866229025741532,0.0,-0.018866229025741532,0.7828958816837044
EOG,2019-10,0.0,-0.0,0.002,-0.0020020026706730775,0.781330089920337
EOG,2019-11,0.0,-0.0,0.0,-0.0,0.781330089920337
EOG,2019-12,0.0,0.0,0.0,0.0,0.781330089920337
EOG,2020-01,0.0,-0.0,0.0,-0.0,0.781330089920337
EOG,2020-02,0.0,-0.0,0.0,-0.0,0.781330089920337
EOG,2020-03,0.0,-0.0,0.0,-0.0,0.781330089920337
EOG,2020-04,1.0,0.16902154779923872,0.002,0.16701954512856565,0.9233582133557502
EOG,2020-05,1.0,0.02375195690217513,0.0,0.02375195690217513,0.9455523110705474
EOG,2020-06,1.0,-0.023679913841080147,0.0,-0.023679913841080147,0.9234247373041933
EOG,2020-07,1.0,-0.12747627838336006,0.0,-0.12747627838336006,0.8129039994356514
EOG,2020-08,1.0,-0.10022994111082895,0.0,-0.10022994111082895,0.7353768431500195
EOG,2020-09,1.0,-0.1941767759423061,0.0,-0.1941767759423061,0.6055918859374473
EOG,2020-10,0.0,-0.0,0.002,-0.0020020026706730775,0.6043807021655724
EOG,2020-11,0.0,0.0,0.0,0.0,0.6043807021655724
EOG,2020-12,0.0,0.0,0.0,0.0,0.6043807021655724
EOG,2021-01,0.0,0.0,0.0,0.0,0.6043807021655724
EOG,2021-02,0.0,0.0,0.0,0.0,0.6043807021655724
EOG,2021-03,0.0,0.0,0.0,0.0,0.6043807021655724
EOG,2021-04,0.0,-0.0,0.0,-0.0,0.6043807021655724
EOG,2021-05,0.0,0.0,0.0,0.0,0.6043807021655724
EOG,2021-06,0.0,0.0,0.0,0.0,0.6043807021655724
EOG,2021-07,0.0,-0.0,0.0,-0.0,0.6043807021655724
EOG,2021-08,0.0,-0.0,0.0,-0.0,0.6043807021655724
EOG,2021-09,0.0,0.0,0.0,0.0,0.6043807021655724
EOG,2021-10,0.0,0.0,0.0,0.0,0.6043807021655724
EOG,2021-11,0.0,-0.0,0.0,-0.0,0.6043807021655724
EOG,2021-12,0.0,-0.0,0.0,-0.0,0.6043807021655724
EOG,2022-01,0.0,0.0,0.0,0.0,0.6043807021655724
EOG,2022-02,0.0,0.0,0.0,0.0,0.6043807021655724
EOG,2022-03,0.0,0.0,0.0,0.0,0.6043807021655724
EOG,2022-04,0.0,0.0,0.0,0.0,0.6043807021655724
EOG,2022-05,0.0,0.0,0.0,0.0,0.6043807021655724
EOG,2022-06,0.0,-0.0,0.0,-0.0,0.6043807021655724
EOG,2022-07,0.0,-0.0,0.0,-0.0,0.6043807021655724
EOG,2022-08,0.0,0.0,0.0,0.0,0.6043807021655724
EOG,2022-09,0.0,0.0,0.0,0.0,0.6043807021655724
EOG,2022-10,0.0,0.0,0.0,0.0,0.6043807021655724
EOG,2022-11,0.0,-0.0,0.0,-0.0,0.6043807021655724
EOG,2022-12,0.0,-0.0,0.0,-0.0,0.6043807021655724
EOG,2023-01,0.0,-0.0,0.0,-0.0,0.6043807021655724
EOG,2023-02,0.0,-0.0,0.0,-0.0,0.6043807021655724
EOG,2023-03,0.0,-0.0,0.0,-0.0,0.6043807021655724
EOG,2023-04,0.0,0.0,0.0,0.0,0.6043807021655724
EOG,2023-05,0.0,-0.0,0.0,-0.0,0.6043807021655724
EOG,2023-06,0.0,0.0,0.0,0.0,0.6043807021655724
EOG,2023-07,0.0,0.0,0.0,0.0,0.6043807021655724
EOG,2023-08,0.0,-0.0,0.0,-0.0,0.6043807021655724
EOG,2023-09,0.0,0.0,0.0,0.0,0.6043807021655724
EOG,2023-10,0.0,0.0,0.0,0.0,0.6043807021655724
EOG,2023-11,0.0,-0.0,0.0,-0.0,0.6043807021655724
EOG,2023-12,0.0,-0.0,0.0,-0.0,0.6043807021655724
EOG,2024-01,0.0,-0.0,0.0,-0.0,0.6043807021655724
EOG,2024-02,0.0,-0.0,0.0,-0.0,0.6043807021655724
EOG,2024-03,0.0,0.0,0.0,0.0,0.6043807021655724
EOG,2024-04,-1.0,-0.08091033156404581,0.002,-0.08291233423471889,0.5562912381553349
EOG,2024-05,-1.0,0.10842115593722657,0.0,0.10842115593722657,0.61999605968944
EOG,2024-06,-1.0,0.024129332939019754,0.0,0.024129332939019754,0.635138100035639
EOG,2024-07,-1.0,-0.002268666329565683,0.0,-0.002268666329565683,0.6336988168574205
EOG,2024-08,-1.0,0.007291753377304033,0.0,0.007291753377304033,0.6383364801453391
EOG,2024-09,-1.0,0.0675876953048915,0.0,0.0675876953048915,0.6829715730389208
EOG,2024-10,0.0,0.0,0.002,-0.0020020026706730775,0.6816056298928429
EOG,2024-11,0.0,0.0,0.0,0.0,0.6816056298928429
EOG,2024-12,0.0,-0.0,0.0,-0.0,0.6816056298928429
EOG,2025-01,0.0,0.0,0.0,0.0,0.6816056298928429
EOG,2025-02,0.0,0.0,0.0,0.0,0.6816056298928429
EOG,2025-03,0.0,0.0,0.0,0.0,0.6816056298928429
EOG,2025-04,0.0,-0.0,0.0,-0.0,0.6816056298928429
EOG,2025-05,0.0,-0.0,0.0,-0.0,0.6816056298928429
EOG,2025-06,0.0,0.0,0.0,0.0,0.6816056298928429
EOG,2025-07,0.0,-0.0,0.0,-0.0,0.6816056298928429
EOG,2025-08,0.0,0.0,0.0,0.0,0.6816056298928429
EOG,2025-09,0.0,-0.0,0.0,-0.0,0.6816056298928429
EOG,2025-10,0.0,-0.0,0.0,-0.0,0.6816056298928429
EOG,2025-11,0.0,0.0,0.0,0.0,0.6816056298928429
EOG,2025-12,0.0,-0.0,0.0,-0.0,0.6816056298928429
EOG,2026-01,0.0,0.0,0.0,0.0,0.6816056298928429
EOG,2026-02,0.0,0.0,0.0,0.0,0.6816056298928429
EOG,2026-03,0.0,0.0,0.0,0.0,0.6816056298928429
EOG,2026-04,0.0,-0.0,0.0,-0.0,0.6816056298928429
EOG,2026-05,0.0,-0.0,0.0,-0.0,0.6816056298928429
EOG,2026-06,0.0,-0.0,0.0,-0.0,0.6816056298928429
EOG,2026-07,0.0,0.0,0.0,0.0,0.6816056298928429
OXY,2010-05,1.0,0.011077083071066252,0.002,0.009075080400393174,1.0091163837918493
OXY,2010-06,1.0,-0.009213513408994345,0.0,-0.009213513408994345,0.9998615765728056
OXY,2010-07,1.0,-0.05600986200370661,0.0,-0.05600986200370661,0.9453989275489577
OXY,2010-08,1.0,-0.018232733967582515,0.0,-0.018232733967582515,0.9283179104182785
OXY,2010-09,1.0,-0.011794508141038218,0.0,-0.011794508141038218,0.9174331735068392
OXY,2010-10,1.0,-0.033284716256472446,0.0,-0.033284716256472446,0.8873992782423127
OXY,2010-11,0.0,0.0,0.002,-0.0020020026706730775,0.8856244796858281
OXY,2010-12,0.0,0.0,0.0,0.0,0.8856244796858281
OXY,2011-01,0.0,-0.0,0.0,-0.0,0.8856244796858281
OXY,2011-02,0.0,0.0,0.0,0.0,0.8856244796858281
OXY,2011-03,0.0,0.0,0.0,0.0,0.8856244796858281
OXY,2011-04,0.0,0.0,0.0,0.0,0.8856244796858281
OXY,2011-05,0.0,-0.0,0.0,-0.0,0.8856244796858281
OXY,2011-06,0.0,-0.0,0.0,-0.0,0.8856244796858281
OXY,2011-07,0.0,-0.0,0.0,-0.0,0.8856244796858281
OXY,2011-08,0.0,-0.0,0.0,-0.0,0.8856244796858281
OXY,2011-09,0.0,-0.0,0.0,-0.0,0.8856244796858281
OXY,2011-10,0.0,0.0,0.0,0.0,0.8856244796858281
OXY,2011-11,0.0,0.0,0.0,0.0,0.8856244796858281
OXY,2011-12,0.0,-0.0,0.0,-0.0,0.8856244796858281
OXY,2012-01,0.0,0.0,0.0,0.0,0.8856244796858281
OXY,2012-02,0.0,0.0,0.0,0.0,0.8856244796858281
OXY,2012-03,0.0,-0.0,0.0,-0.0,0.8856244796858281
OXY,2012-04,0.0,-0.0,0.0,-0.0,0.8856244796858281
OXY,2012-05,0.0,-0.0,0.0,-0.0,0.8856244796858281
OXY,2012-06,0.0,0.0,0.0,0.0,0.8856244796858281
OXY,2012-07,0.0,0.0,0.0,0.0,0.8856244796858281
OXY,2012-08,0.0,-0.0,0.0,-0.0,0.8856244796858281
OXY,2012-09,0.0,-0.0,0.0,-0.0,0.8856244796858281
OXY,2012-10,0.0,-0.0,0.0,-0.0,0.8856244796858281
OXY,2012-11,0.0,-0.0,0.0,-0.0,0.8856244796858281
OXY,2012-12,0.0,0.0,0.0,0.0,0.8856244796858281
OXY,2013-01,0.0,0.0,0.0,0.0,0.8856244796858281
OXY,2013-02,0.0,-0.0,0.0,-0.0,0.8856244796858281
OXY,2013-03,0.0,-0.0,0.0,-0.0,0.8856244796858281
OXY,2013-04,0.0,0.0,0.0,0.0,0.8856244796858281
OXY,2013-05,0.0,0.0,0.0,0.0,0.8856244796858281
OXY,2013-06,0.0,-0.0,0.0,-0.0,0.8856244796858281
OXY,2013-07,0.0,-0.0,0.0,-0.0,0.8856244796858281
OXY,2013-08,0.0,0.0,0.0,0.0,0.8856244796858281
OXY,2013-09,0.0,0.0,0.0,0.0,0.8856244796858281
OXY,2013-10,0.0,-0.0,0.0,-0.0,0.8856244796858281
OXY,2013-11,0.0,-0.0,0.0,-0.0,0.8856244796858281
OXY,2013-12,0.0,-0.0,0.0,-0.0,0.8856244796858281
OXY,2014-01,0.0,-0.0,0.0,-0.0,0.8856244796858281
OXY,2014-02,0.0,0.0,0.0,0.0,0.8856244796858281
OXY,2014-03,0.0,-0.0,0.0,-0.0,0.8856244796858281
OXY,2014-04,0.0,-0.0,0.0,-0.0,0.8856244796858281
OXY,2014-05,0.0,0.0,0.0,0.0,0.8856244796858281
OXY,2014-06,0.0,0.0,0.0,0.0,0.8856244796858281
OXY,2014-07,0.0,-0.0,0.0,-0.0,0.8856244796858281
OXY,2014-08,0.0,0.0,0.0,0.0,0.8856244796858281
OXY,2014-09,0.0,-0.0,0.0,-0.0,0.8856244796858281
OXY,2014-10,0.0,-0.0,0.0,-0.0,0.8856244796858281
OXY,2014-11,0.0,-0.0,0.0,-0.0,0.8856244796858281
OXY,2014-12,0.0,0.0,0.0,0.0,0.8856244796858281
OXY,2015-01,0.0,0.0,0.0,0.0,0.8856244796858281
OXY,2015-02,0.0,-0.0,0.0,-0.0,0.8856244796858281
OXY,2015-03,0.0,-0.0,0.0,-0.0,0.8856244796858281
OXY,2015-04,0.0,0.0,0.0,0.0,0.8856244796858281
OXY,2015-05,0.0,-0.0,0.0,-0.0,0.8856244796858281
OXY,2015-06,0.0,0.0,0.0,0.0,0.8856244796858281
OXY,2015-07,0.0,-0.0,0.0,-0.0,0.8856244796858281
OXY,2015-08,0.0,0.0,0.0,0.0,0.8856244796858281
OXY,2015-09,0.0,-0.0,0.0,-0.0,0.8856244796858281
OXY,2015-10,0.0,0.0,0.0,0.0,0.8856244796858281
OXY,2015-11,0.0,0.0,0.0,0.0,0.8856244796858281
OXY,2015-12,0.0,-0.0,0.0,-0.0,0.8856244796858281
OXY,2016-01,0.0,0.0,0.0,0.0,0.8856244796858281
OXY,2016-02,0.0,0.0,0.0,0.0,0.8856244796858281
OXY,2016-03,0.0,-0.0,0.0,-0.0,0.8856244796858281
OXY,2016-04,1.0,0.10950092708146064,0.002,0.10749892441078757,0.9861337035082319
OXY,2016-05,1.0,-0.03277659647765496,0.0,-0.03277659647765496,0.9543355611671589
OXY,2016-06,1.0,0.007945742437445169,0.0,0.007945742437445169,0.9619486715880413
OXY,2016-07,1.0,-0.04689122027831871,0.0,-0.04689122027831871,0.9178829463119144
OXY,2016-08,1.0,0.026777073993923928,0.0,0.026777073993923928,0.9427931891980577
OXY,2016-09,1.0,-0.042759651901456586,0.0,-0.042759651901456586,0.9033294218300164
OXY,2016-10,0.0,0.0,0.002,-0.0020020026706730775,0.9015227629863564
OXY,2016-11,0.0,-0.0,0.0,-0.0,0.9015227629863564
OXY,2016-12,0.0,-0.0,0.0,-0.0,0.9015227629863564
OXY,2017-01,0.0,-0.0,0.0,-0.0,0.9015227629863564
OXY,2017-02,0.0,-0.0,0.0,-0.0,0.9015227629863564
OXY,2017-03,0.0,-0.0,0.0,-0.0,0.9015227629863564
OXY,2017-04,0.0,-0.0,0.0,-0.0,0.9015227629863564
OXY,2017-05,0.0,-0.0,0.0,-0.0,0.9015227629863564
OXY,2017-06,0.0,0.0,0.0,0.0,0.9015227629863564
OXY,2017-07,0.0,0.0,0.0,0.0,0.9015227629863564
OXY,2017-08,0.0,-0.0,0.0,-0.0,0.9015227629863564
OXY,2017-09,0.0,0.0,0.0,0.0,0.9015227629863564
OXY,2017-10,0.0,-0.0,0.0,-0.0,0.9015227629863564
OXY,2017-11,0.0,0.0,0.0,0.0,0.9015227629863564
OXY,2017-12,0.0,0.0,0.0,0.0,0.9015227629863564
OXY,2018-01,0.0,-0.0,0.0,-0.0,0.9015227629863564
OXY,2018-02,0.0,-0.0,0.0,-0.0,0.9015227629863564
OXY,2018-03,0.0,0.0,0.0,0.0,0.9015227629863564
OXY,2018-04,0.0,0.0,0.0,0.0,0.9015227629863564
OXY,2018-05,0.0,0.0,0.0,0.0,0.9015227629863564
OXY,2018-06,0.0,-0.0,0.0,-0.0,0.9015227629863564
OXY,2018-07,0.0,-0.0,0.0,-0.0,0.9015227629863564
OXY,2018-08,0.0,-0.0,0.0,-0.0,0.9015227629863564
OXY,2018-09,0.0,0.0,0.0,0.0,0.9015227629863564
OXY,2018-10,0.0,-0.0,0.0,-0.0,0.9015227629863564
OXY,2018-11,0.0,0.0,0.0,0.0,0.9015227629863564
OXY,2018-12,0.0,-0.0,0.0,-0.0,0.9015227629863564
OXY,2019-01,0.0,0.0,0.0,0.0,0.9015227629863564
OXY,2019-02,0.0,-0.0,0.0,-0.0,0.9015227629863564
OXY,2019-03,0.0,-0.0,0.0,-0.0,0.9015227629863564
OXY,2019-04,1.0,-0.1572190291380311,0.002,-0.15922103180870417,0.7688256806424864
OXY,2019-05,1.0,-0.10219372349450362,0.0,-0.10219372349450362,0.6941378258708903
OXY,2019-06,1.0,-0.04104311997575527,0.0,-0.04104311997575527,0.6662249772452713
OXY,2019-07,1.0,0.006245981494692465,0.0,0.006245981494692465,0.6703992287025436
OXY,2019-08,1.0,-0.14967340583569877,0.0,-0.14967340583569877,0.5772064450098726
OXY,2019-09,1.0,0.020774240887502682,0.0,0.020774240887502682,0.5893228899595827
OXY,2019-10,0.0,-0.0,0.002,-0.0020020026706730775,0.5881442441796635
OXY,2019-11,0.0,-0.0,0.0,-0.0,0.5881442441796635
OXY,2019-12,0.0,0.0,0.0,0.0,0.5881442441796635
OXY,2020-01,0.0,-0.0,0.0,-0.0,0.5881442441796635
OXY,2020-02,0.0,-0.0,0.0,-0.0,0.5881442441796635
OXY,2020-03,0.0,-0.0,0.0,-0.0,0.5881442441796635
OXY,2020-04,-1.0,-0.24057861900863697,0.002,-0.24258062167931005,0.4614582617151328
OXY,2020-05,-1.0,0.2948519594678958,0.0,0.2948519594678958,0.6197050064931741
OXY,2020-06,-1.0,-0.32880052731656884,0.0,-0.32880052731656884,0.44605534734957186
OXY,2020-07,-1.0,0.2079190878502124,0.0,0.2079190878502124,0.5491447837218795
OXY,2020-08,-1.0,0.27892717035102077,0.0,0.27892717035102077,0.7258107455044556
OXY,2020-09,-1.0,0.20202090131411898,0.0,0.20202090131411898,0.8883006016073217
OXY,2020-10,0.0,-0.0,0.002,-0.0020020026706730775,0.8865240004041072
OXY,2020-11,0.0,0.0,0.0,0.0,0.8865240004041072
OXY,2020-12,0.0,0.0,0.0,0.0,0.8865240004041072
OXY,2021-01,0.0,0.0,0.0,0.0,0.8865240004041072
OXY,2021-02,0.0,0.0,0.0,0.0,0.8865240004041072
OXY,2021-03,0.0,-0.0,0.0,-0.0,0.8865240004041072
OXY,2021-04,0.0,-0.0,0.0,-0.0,0.8865240004041072
OXY,2021-05,0.0,0.0,0.0,0.0,0.8865240004041072
OXY,2021-06,0.0,0.0,0.0,0.0,0.8865240004041072
OXY,2021-07,0.0,-0.0,0.0,-0.0,0.8865240004041072
OXY,2021-08,0.0,-0.0,0.0,-0.0,0.8865240004041072
OXY,2021-09,0.0,0.0,0.0,0.0,0.8865240004041072
OXY,2021-10,0.0,0.0,0.0,0.0,0.8865240004041072
OXY,2021-11,0.0,-0.0,0.0,-0.0,0.8865240004041072
OXY,2021-12,0.0,-0.0,0.0,-0.0,0.8865240004041072
OXY,2022-01,0.0,0.0,0.0,0.0,0.8865240004041072
OXY,2022-02,0.0,0.0,0.0,0.0,0.8865240004041072
OXY,2022-03,0.0,0.0,0.0,0.0,0.8865240004041072
OXY,2022-04,0.0,0.0,0.0,0.0,0.8865240004041072
OXY,2022-05,0.0,0.0,0.0,0.0,0.8865240004041072
OXY,2022-06,0.0,-0.0,0.0,-0.0,0.8865240004041072
OXY,2022-07,0.0,0.0,0.0,0.0,0.8865240004041072
OXY,2022-08,0.0,0.0,0.0,0.0,0.8865240004041072
OXY,2022-09,0.0,-0.0,0.0,-0.0,0.8865240004041072
OXY,2022-10,0.0,0.0,0.0,0.0,0.8865240004041072
OXY,2022-11,0.0,-0.0,0.0,-0.0,0.8865240004041072
OXY,2022-12,0.0,-0.0,0.0,-0.0,0.8865240004041072
OXY,2023-01,0.0,-0.0,0.0,-0.0,0.8865240004041072
OXY,2023-02,0.0,-0.0,0.0,-0.0,0.8865240004041072
OXY,2023-03,0.0,0.0,0.0,0.0,0.8865240004041072
OXY,2023-04,0.0,-0.0,0.0,-0.0,0.8865240004041072
OXY,2023-05,0.0,-0.0,0.0,-0.0,0.8865240004041072
OXY,2023-06,0.0,-0.0,0.0,-0.0,0.8865240004041072
OXY,2023-07,0.0,0.0,0.0,0.0,0.8865240004041072
OXY,2023-08,0.0,0.0,0.0,0.0,0.8865240004041072
OXY,2023-09,0.0,0.0,0.0,0.0,0.8865240004041072
OXY,2023-10,0.0,-0.0,0.0,-0.0,0.8865240004041072
OXY,2023-11,0.0,-0.0,0.0,-0.0,0.8865240004041072
OXY,2023-12,0.0,-0.0,0.0,-0.0,0.8865240004041072
OXY,2024-01,0.0,-0.0,0.0,-0.0,0.8865240004041072
OXY,2024-02,0.0,0.0,0.0,0.0,0.8865240004041072
OXY,2024-03,0.0,0.0,0.0,0.0,0.8865240004041072
OXY,2024-04,-1.0,-0.05869531570772679,0.002,-0.06069731837839987,0.8343148757643936
OXY,2024-05,-1.0,0.10594926203058108,0.0,0.10594926203058108,0.927562466939648
OXY,2024-06,-1.0,0.02252282409288142,0.0,0.02252282409288142,0.9486908353251553
OXY,2024-07,-1.0,0.0477284665075528,0.0,0.0477284665075528,0.9950683543262057
OXY,2024-08,-1.0,0.08831514567237964,0.0,0.08831514567237964,1.086945315672417
OXY,2024-09,-1.0,0.11690364804499609,0.0,0.11690364804499609,1.2217386257820708
OXY,2024-10,0.0,-0.0,0.002,-0.0020020026706730775,1.2192951485305068
OXY,2024-11,0.0,-0.0,0.0,-0.0,1.2192951485305068
OXY,2024-12,0.0,0.0,0.0,0.0,1.2192951485305068
OXY,2025-01,0.0,-0.0,0.0,-0.0,1.2192951485305068
OXY,2025-02,0.0,0.0,0.0,0.0,1.2192951485305068
OXY,2025-03,0.0,0.0,0.0,0.0,1.2192951485305068
OXY,2025-04,0.0,-0.0,0.0,-0.0,1.2192951485305068
OXY,2025-05,0.0,-0.0,0.0,-0.0,1.2192951485305068
OXY,2025-06,0.0,-0.0,0.0,-0.0,1.2192951485305068
OXY,2025-07,0.0,0.0,0.0,0.0,1.2192951485305068
OXY,2025-08,0.0,0.0,0.0,0.0,1.2192951485305068
OXY,2025-09,0.0,-0.0,0.0,-0.0,1.2192951485305068
OXY,2025-10,0.0,-0.0,0.0,-0.0,1.2192951485305068
OXY,2025-11,0.0,0.0,0.0,0.0,1.2192951485305068
OXY,2025-12,0.0,-0.0,0.0,-0.0,1.2192951485305068
OXY,2026-01,0.0,0.0,0.0,0.0,1.2192951485305068
OXY,2026-02,0.0,0.0,0.0,0.0,1.2192951485305068
OXY,2026-03,0.0,0.0,0.0,0.0,1.2192951485305068
OXY,2026-04,0.0,-0.0,0.0,-0.0,1.2192951485305068
OXY,2026-05,0.0,-0.0,0.0,-0.0,1.2192951485305068
OXY,2026-06,0.0,-0.0,0.0,-0.0,1.2192951485305068
OXY,2026-07,0.0,0.0,0.0,0.0,1.2192951485305068
SLB,2010-05,1.0,-0.15407998930732703,0.002,-0.1560819919780001,0.8554890442564524
SLB,2010-06,1.0,0.03858546002116281,0.0,0.03858546002116281,0.8891435953294675
SLB,2010-07,1.0,0.009096533677816154,0.0,0.009096533677816154,0.897268618736677
SLB,2010-08,1.0,-0.06236655374050626,0.0,-0.06236655374050626,0.8430183514336609
SLB,2010-09,1.0,0.05855468094882976,0.0,0.05855468094882976,0.8938548554513855
SLB,2010-10,1.0,0.08860796319941855,0.0,0.08860796319941855,0.9766724854372715
SLB,2010-11,0.0,0.0,0.002,-0.0020020026706730775,0.974719140466397
SLB,2010-12,0.0,0.0,0.0,0.0,0.974719140466397
SLB,2011-01,0.0,0.0,0.0,0.0,0.974719140466397
SLB,2011-02,0.0,0.0,0.0,0.0,0.974719140466397
SLB,2011-03,0.0,-0.0,0.0,-0.0,0.974719140466397
SLB,2011-04,0.0,-0.0,0.0,-0.0,0.974719140466397
SLB,2011-05,0.0,-0.0,0.0,-0.0,0.974719140466397
SLB,2011-06,0.0,0.0,0.0,0.0,0.974719140466397
SLB,2011-07,0.0,0.0,0.0,0.0,0.974719140466397
SLB,2011-08,0.0,-0.0,0.0,-0.0,0.974719140466397
SLB,2011-09,0.0,-0.0,0.0,-0.0,0.974719140466397
SLB,2011-10,0.0,0.0,0.0,0.0,0.974719140466397
SLB,2011-11,0.0,0.0,0.0,0.0,0.974719140466397
SLB,2011-12,0.0,-0.0,0.0,-0.0,0.974719140466397
SLB,2012-01,0.0,0.0,0.0,0.0,0.974719140466397
SLB,2012-02,0.0,-0.0,0.0,-0.0,0.974719140466397
SLB,2012-03,0.0,-0.0,0.0,-0.0,0.974719140466397
SLB,2012-04,0.0,0.0,0.0,0.0,0.974719140466397
SLB,2012-05,0.0,-0.0,0.0,-0.0,0.974719140466397
SLB,2012-06,0.0,-0.0,0.0,-0.0,0.974719140466397
SLB,2012-07,0.0,0.0,0.0,0.0,0.974719140466397
SLB,2012-08,0.0,-0.0,0.0,-0.0,0.974719140466397
SLB,2012-09,0.0,-0.0,0.0,-0.0,0.974719140466397
SLB,2012-10,0.0,-0.0,0.0,-0.0,0.974719140466397
SLB,2012-11,0.0,0.0,0.0,0.0,0.974719140466397
SLB,2012-12,0.0,-0.0,0.0,-0.0,0.974719140466397
SLB,2013-01,0.0,0.0,0.0,0.0,0.974719140466397
SLB,2013-02,0.0,-0.0,0.0,-0.0,0.974719140466397
SLB,2013-03,0.0,-0.0,0.0,-0.0,0.974719140466397
SLB,2013-04,0.0,-0.0,0.0,-0.0,0.974719140466397
SLB,2013-05,0.0,-0.0,0.0,-0.0,0.974719140466397
SLB,2013-06,0.0,-0.0,0.0,-0.0,0.974719140466397
SLB,2013-07,0.0,0.0,0.0,0.0,0.974719140466397
SLB,2013-08,0.0,0.0,0.0,0.0,0.974719140466397
SLB,2013-09,0.0,0.0,0.0,0.0,0.974719140466397
SLB,2013-10,0.0,0.0,0.0,0.0,0.974719140466397
SLB,2013-11,0.0,-0.0,0.0,-0.0,0.974719140466397
SLB,2013-12,0.0,-0.0,0.0,-0.0,0.974719140466397
SLB,2014-01,0.0,0.0,0.0,0.0,0.974719140466397
SLB,2014-02,0.0,0.0,0.0,0.0,0.974719140466397
SLB,2014-03,0.0,0.0,0.0,0.0,0.974719140466397
SLB,2014-04,0.0,0.0,0.0,0.0,0.974719140466397
SLB,2014-05,0.0,0.0,0.0,0.0,0.974719140466397
SLB,2014-06,0.0,0.0,0.0,0.0,0.974719140466397
SLB,2014-07,0.0,-0.0,0.0,-0.0,0.974719140466397
SLB,2014-08,0.0,-0.0,0.0,-0.0,0.974719140466397
SLB,2014-09,0.0,-0.0,0.0,-0.0,0.974719140466397
SLB,2014-10,0.0,-0.0,0.0,-0.0,0.974719140466397
SLB,2014-11,0.0,-0.0,0.0,-0.0,0.974719140466397
SLB,2014-12,0.0,0.0,0.0,0.0,0.974719140466397
SLB,2015-01,0.0,-0.0,0.0,-0.0,0.974719140466397
SLB,2015-02,0.0,-0.0,0.0,-0.0,0.974719140466397
SLB,2015-03,0.0,0.0,0.0,0.0,0.974719140466397
SLB,2015-04,0.0,0.0,0.0,0.0,0.974719140466397
SLB,2015-05,0.0,-0.0,0.0,-0.0,0.974719140466397
SLB,2015-06,0.0,-0.0,0.0,-0.0,0.974719140466397
SLB,2015-07,0.0,-0.0,0.0,-0.0,0.974719140466397
SLB,2015-08,0.0,0.0,0.0,0.0,0.974719140466397
SLB,2015-09,0.0,-0.0,0.0,-0.0,0.974719140466397
SLB,2015-10,0.0,0.0,0.0,0.0,0.974719140466397
SLB,2015-11,0.0,-0.0,0.0,-0.0,0.974719140466397
SLB,2015-12,0.0,-0.0,0.0,-0.0,0.974719140466397
SLB,2016-01,0.0,0.0,0.0,0.0,0.974719140466397
SLB,2016-02,0.0,0.0,0.0,0.0,0.974719140466397
SLB,2016-03,0.0,-0.0,0.0,-0.0,0.974719140466397
SLB,2016-04,1.0,0.08164928043925102,0.002,0.07964727776857794,1.0555282655289275
SLB,2016-05,1.0,-0.062018818824120636,0.0,-0.062018818824120636,0.9920542838241658
SLB,2016-06,1.0,0.03233851607804539,0.0,0.03233851607804539,1.0246602195173344
SLB,2016-07,1.0,-0.017800193118033825,0.0,-0.017800193118033825,1.0065824410251598
SLB,2016-08,1.0,-0.02025452635305136,0.0,-0.02025452635305136,0.986399676600397
SLB,2016-09,1.0,0.0017273317990094128,0.0,0.0017273317990094128,0.9881049885240698
SLB,2016-10,0.0,0.0,0.002,-0.0020020026706730775,0.9861287785470216
SLB,2016-11,0.0,0.0,0.0,0.0,0.9861287785470216
SLB,2016-12,0.0,-0.0,0.0,-0.0,0.9861287785470216
SLB,2017-01,0.0,-0.0,0.0,-0.0,0.9861287785470216
SLB,2017-02,0.0,-0.0,0.0,-0.0,0.9861287785470216
SLB,2017-03,0.0,-0.0,0.0,-0.0,0.9861287785470216
SLB,2017-04,0.0,-0.0,0.0,-0.0,0.9861287785470216
SLB,2017-05,0.0,-0.0,0.0,-0.0,0.9861287785470216
SLB,2017-06,0.0,-0.0,0.0,-0.0,0.9861287785470216
SLB,2017-07,0.0,0.0,0.0,0.0,0.9861287785470216
SLB,2017-08,0.0,-0.0,0.0,-0.0,0.9861287785470216
SLB,2017-09,0.0,0.0,0.0,0.0,0.9861287785470216
SLB,2017-10,0.0,-0.0,0.0,-0.0,0.9861287785470216
SLB,2017-11,0.0,-0.0,0.0,-0.0,0.9861287785470216
SLB,2017-12,0.0,0.0,0.0,0.0,0.9861287785470216
SLB,2018-01,0.0,0.0,0.0,0.0,0.9861287785470216
SLB,2018-02,0.0,-0.0,0.0,-0.0,0.9861287785470216
SLB,2018-03,0.0,0.0,0.0,0.0,0.9861287785470216
SLB,2018-04,0.0,0.0,0.0,0.0,0.9861287785470216
SLB,2018-05,0.0,-0.0,0.0,-0.0,0.9861287785470216
SLB,2018-06,0.0,-0.0,0.0,-0.0,0.9861287785470216
SLB,2018-07,0.0,-0.0,0.0,-0.0,0.9861287785470216
SLB,2018-08,0.0,-0.0,0.0,-0.0,0.9861287785470216
SLB,2018-09,0.0,-0.0,0.0,-0.0,0.9861287785470216
SLB,2018-10,0.0,-0.0,0.0,-0.0,0.9861287785470216
SLB,2018-11,0.0,-0.0,0.0,-0.0,0.9861287785470216
SLB,2018-12,0.0,-0.0,0.0,-0.0,0.9861287785470216
SLB,2019-01,0.0,0.0,0.0,0.0,0.9861287785470216
SLB,2019-02,0.0,-0.0,0.0,-0.0,0.9861287785470216
SLB,2019-03,0.0,-0.0,0.0,-0.0,0.9861287785470216
SLB,2019-04,1.0,-0.060678454311486885,0.002,-0.06268045698215996,0.9262150991198753
SLB,2019-05,1.0,-0.14138360739624067,0.0,-0.14138360739624067,0.8040993962718429
SLB,2019-06,1.0,0.08282559900463804,0.0,0.08282559900463804,0.8735352535746788
SLB,2019-07,1.0,-0.00923535856540525,0.0,-0.00923535856540525,0.8655049805899113
SLB,2019-08,1.0,-0.1921600611110068,0.0,-0.1921600611110068,0.7141928815393801
SLB,2019-09,1.0,0.04853155758416028,0.0,0.04853155758416028,0.7497086209585042
SLB,2019-10,0.0,-0.0,0.002,-0.0020020026706730775,0.7482092037165873
SLB,2019-11,0.0,0.0,0.0,0.0,0.7482092037165873
SLB,2019-12,0.0,0.0,0.0,0.0,0.7482092037165873
SLB,2020-01,0.0,-0.0,0.0,-0.0,0.7482092037165873
SLB,2020-02,0.0,-0.0,0.0,-0.0,0.7482092037165873
SLB,2020-03,0.0,-0.0,0.0,-0.0,0.7482092037165873
SLB,2020-04,1.0,0.10107538011612638,0.002,0.0990733774454533,0.8261331841619289
SLB,2020-05,1.0,0.047034087415401604,0.0,0.047034087415401604,0.8659178891508935
SLB,2020-06,1.0,-0.015114444356061352,0.0,-0.015114444356061352,0.8529284328873256
SLB,2020-07,1.0,-0.07091086492133325,0.0,-0.07091086492133325,0.7945411502783386
SLB,2020-08,1.0,-0.020622865692433656,0.0,-0.020622865692433656,0.7783232395357763
SLB,2020-09,1.0,-0.15550278056109468,0.0,-0.15550278056109468,0.6662327822125542
SLB,2020-10,0.0,-0.0,0.002,-0.0020020026706730775,0.6649003166481291
SLB,2020-11,0.0,0.0,0.0,0.0,0.6649003166481291
SLB,2020-12,0.0,0.0,0.0,0.0,0.6649003166481291
SLB,2021-01,0.0,0.0,0.0,0.0,0.6649003166481291
SLB,2021-02,0.0,0.0,0.0,0.0,0.6649003166481291
SLB,2021-03,0.0,-0.0,0.0,-0.0,0.6649003166481291
SLB,2021-04,0.0,-0.0,0.0,-0.0,0.6649003166481291
SLB,2021-05,0.0,0.0,0.0,0.0,0.6649003166481291
SLB,2021-06,0.0,0.0,0.0,0.0,0.6649003166481291
SLB,2021-07,0.0,-0.0,0.0,-0.0,0.6649003166481291
SLB,2021-08,0.0,-0.0,0.0,-0.0,0.6649003166481291
SLB,2021-09,0.0,0.0,0.0,0.0,0.6649003166481291
SLB,2021-10,0.0,0.0,0.0,0.0,0.6649003166481291
SLB,2021-11,0.0,-0.0,0.0,-0.0,0.6649003166481291
SLB,2021-12,0.0,-0.0,0.0,-0.0,0.6649003166481291
SLB,2022-01,0.0,0.0,0.0,0.0,0.6649003166481291
SLB,2022-02,0.0,0.0,0.0,0.0,0.6649003166481291
SLB,2022-03,0.0,0.0,0.0,0.0,0.6649003166481291
SLB,2022-04,0.0,0.0,0.0,0.0,0.6649003166481291
SLB,2022-05,0.0,0.0,0.0,0.0,0.6649003166481291
SLB,2022-06,0.0,-0.0,0.0,-0.0,0.6649003166481291
SLB,2022-07,0.0,-0.0,0.0,-0.0,0.6649003166481291
SLB,2022-08,0.0,0.0,0.0,0.0,0.6649003166481291
SLB,2022-09,0.0,0.0,0.0,0.0,0.6649003166481291
SLB,2022-10,0.0,0.0,0.0,0.0,0.6649003166481291
SLB,2022-11,0.0,-0.0,0.0,-0.0,0.6649003166481291
SLB,2022-12,0.0,0.0,0.0,0.0,0.6649003166481291
SLB,2023-01,0.0,0.0,0.0,0.0,0.6649003166481291
SLB,2023-02,0.0,-0.0,0.0,-0.0,0.6649003166481291
SLB,2023-03,0.0,-0.0,0.0,-0.0,0.6649003166481291
SLB,2023-04,0.0,-0.0,0.0,-0.0,0.6649003166481291
SLB,2023-05,0.0,-0.0,0.0,-0.0,0.6649003166481291
SLB,2023-06,0.0,0.0,0.0,0.0,0.6649003166481291
SLB,2023-07,0.0,0.0,0.0,0.0,0.6649003166481291
SLB,2023-08,0.0,0.0,0.0,0.0,0.6649003166481291
SLB,2023-09,0.0,0.0,0.0,0.0,0.6649003166481291
SLB,2023-10,0.0,-0.0,0.0,-0.0,0.6649003166481291
SLB,2023-11,0.0,-0.0,0.0,-0.0,0.6649003166481291
SLB,2023-12,0.0,-0.0,0.0,-0.0,0.6649003166481291
SLB,2024-01,0.0,-0.0,0.0,-0.0,0.6649003166481291
SLB,2024-02,0.0,-0.0,0.0,-0.0,0.6649003166481291
SLB,2024-03,0.0,0.0,0.0,0.0,0.6649003166481291
SLB,2024-04,1.0,-0.10240906925622051,0.002,-0.10441107192689358,0.5989787116788001
SLB,2024-05,1.0,-0.08340345255401527,0.0,-0.08340345255401527,0.5510483777244409
SLB,2024-06,1.0,-0.0005940513655571245,0.0,-0.0005940513655571245,0.5507211238955816
SLB,2024-07,1.0,0.011218080674169073,0.0,0.011218080674169073,0.5569339406779871
SLB,2024-08,1.0,-0.1163589570177459,0.0,-0.1163589570177459,0.4957578874713025
SLB,2024-09,1.0,-0.06174589497347949,0.0,-0.06174589497347949,0.4660727708140309
SLB,2024-10,0.0,-0.0,0.002,-0.0020020026706730775,0.46514062527240285
SLB,2024-11,0.0,0.0,0.0,0.0,0.46514062527240285
SLB,2024-12,0.0,-0.0,0.0,-0.0,0.46514062527240285
SLB,2025-01,0.0,0.0,0.0,0.0,0.46514062527240285
SLB,2025-02,0.0,0.0,0.0,0.0,0.46514062527240285
SLB,2025-03,0.0,0.0,0.0,0.0,0.46514062527240285
SLB,2025-04,0.0,-0.0,0.0,-0.0,0.46514062527240285
SLB,2025-05,0.0,-0.0,0.0,-0.0,0.46514062527240285
SLB,2025-06,0.0,-0.0,0.0,-0.0,0.46514062527240285
SLB,2025-07,0.0,-0.0,0.0,-0.0,0.46514062527240285
SLB,2025-08,0.0,0.0,0.0,0.0,0.46514062527240285
SLB,2025-09,0.0,-0.0,0.0,-0.0,0.46514062527240285
SLB,2025-10,0.0,0.0,0.0,0.0,0.46514062527240285
SLB,2025-11,0.0,0.0,0.0,0.0,0.46514062527240285
SLB,2025-12,0.0,0.0,0.0,0.0,0.46514062527240285
SLB,2026-01,0.0,0.0,0.0,0.0,0.46514062527240285
SLB,2026-02,0.0,0.0,0.0,0.0,0.46514062527240285
SLB,2026-03,0.0,0.0,0.0,0.0,0.46514062527240285
SLB,2026-04,0.0,0.0,0.0,0.0,0.46514062527240285
SLB,2026-05,0.0,-0.0,0.0,-0.0,0.46514062527240285
SLB,2026-06,0.0,-0.0,0.0,-0.0,0.46514062527240285
SLB,2026-07,0.0,0.0,0.0,0.0,0.46514062527240285
MPC,2020-04,1.0,0.18659436802008633,0.002,0.18459236534941326,1.2027280665526952
MPC,2020-05,1.0,0.0612958831711623,0.0,0.0612958831711623,1.2787566626077624
MPC,2020-06,1.0,0.04421638520580684,0.0,0.04421638520580684,1.3365673307295882
MPC,2020-07,1.0,-0.03552355740698143,0.0,-0.03552355740698143,1.2899211291612953
MPC,2020-08,1.0,-0.12677780987727028,0.0,-0.12677780987727028,1.136329426574317
MPC,2020-09,1.0,-0.15129154014956203,0.0,-0.15129154014956203,0.9767854286734006
MPC,2020-10,0.0,0.0,0.002,-0.0020020026706730775,0.9748318578160539
MPC,2020-11,0.0,0.0,0.0,0.0,0.9748318578160539
MPC,2020-12,0.0,0.0,0.0,0.0,0.9748318578160539
MPC,2021-01,0.0,0.0,0.0,0.0,0.9748318578160539
MPC,2021-02,0.0,0.0,0.0,0.0,0.9748318578160539
MPC,2021-03,0.0,-0.0,0.0,-0.0,0.9748318578160539
MPC,2021-04,0.0,-0.0,0.0,-0.0,0.9748318578160539
MPC,2021-05,0.0,0.0,0.0,0.0,0.9748318578160539
MPC,2021-06,0.0,-0.0,0.0,-0.0,0.9748318578160539
MPC,2021-07,0.0,-0.0,0.0,-0.0,0.9748318578160539
MPC,2021-08,0.0,0.0,0.0,0.0,0.9748318578160539
MPC,2021-09,0.0,0.0,0.0,0.0,0.9748318578160539
MPC,2021-10,0.0,-0.0,0.0,-0.0,0.9748318578160539
MPC,2021-11,0.0,-0.0,0.0,-0.0,0.9748318578160539
MPC,2021-12,0.0,0.0,0.0,0.0,0.9748318578160539
MPC,2022-01,0.0,0.0,0.0,0.0,0.9748318578160539
MPC,2022-02,0.0,0.0,0.0,0.0,0.9748318578160539
MPC,2022-03,0.0,0.0,0.0,0.0,0.9748318578160539
MPC,2022-04,0.0,0.0,0.0,0.0,0.9748318578160539
MPC,2022-05,0.0,0.0,0.0,0.0,0.9748318578160539
MPC,2022-06,0.0,-0.0,0.0,-0.0,0.9748318578160539
MPC,2022-07,0.0,0.0,0.0,0.0,0.9748318578160539
MPC,2022-08,0.0,0.0,0.0,0.0,0.9748318578160539
MPC,2022-09,0.0,0.0,0.0,0.0,0.9748318578160539
MPC,2022-10,0.0,0.0,0.0,0.0,0.9748318578160539
MPC,2022-11,0.0,0.0,0.0,0.0,0.9748318578160539
MPC,2022-12,0.0,0.0,0.0,0.0,0.9748318578160539
MPC,2023-01,0.0,0.0,0.0,0.0,0.9748318578160539
MPC,2023-02,0.0,-0.0,0.0,-0.0,0.9748318578160539
MPC,2023-03,0.0,0.0,0.0,0.0,0.9748318578160539
MPC,2023-04,0.0,-0.0,0.0,-0.0,0.9748318578160539
MPC,2023-05,0.0,-0.0,0.0,-0.0,0.9748318578160539
MPC,2023-06,0.0,0.0,0.0,0.0,0.9748318578160539
MPC,2023-07,0.0,0.0,0.0,0.0,0.9748318578160539
MPC,2023-08,0.0,0.0,0.0,0.0,0.9748318578160539
MPC,2023-09,0.0,0.0,0.0,0.0,0.9748318578160539
MPC,2023-10,0.0,0.0,0.0,0.0,0.9748318578160539
MPC,2023-11,0.0,-0.0,0.0,-0.0,0.9748318578160539
MPC,2023-12,0.0,-0.0,0.0,-0.0,0.9748318578160539
MPC,2024-01,0.0,0.0,0.0,0.0,0.9748318578160539
MPC,2024-02,0.0,-0.0,0.0,-0.0,0.9748318578160539
MPC,2024-03,0.0,0.0,0.0,0.0,0.9748318578160539
MPC,2024-04,1.0,-0.062167320435197126,0.002,-0.0641693231058702,0.9142423408740655
MPC,2024-05,1.0,-0.07312724293697315,0.0,-0.07312724293697315,0.8497723045179462
MPC,2024-06,1.0,-0.05255331227535809,0.0,-0.05255331227535809,0.8062671379739215
MPC,2024-07,1.0,0.008164056341812831,0.0,0.008164056341812831,0.8128764911704237
MPC,2024-08,1.0,-0.01771238081416815,0.0,-0.01771238081416815,0.7986052749176468
MPC,2024-09,1.0,-0.10441626974764517,0.0,-0.10441626974764517,0.7194237397315077
MPC,2024-10,0.0,-0.0,0.002,-0.0020020026706730775,0.7179848922520448
MPC,2024-11,0.0,0.0,0.0,0.0,0.7179848922520448
MPC,2024-12,0.0,-0.0,0.0,-0.0,0.7179848922520448
MPC,2025-01,0.0,0.0,0.0,0.0,0.7179848922520448
MPC,2025-02,0.0,0.0,0.0,0.0,0.7179848922520448
MPC,2025-03,0.0,0.0,0.0,0.0,0.7179848922520448
MPC,2025-04,0.0,-0.0,0.0,-0.0,0.7179848922520448
MPC,2025-05,0.0,0.0,0.0,0.0,0.7179848922520448
MPC,2025-06,0.0,-0.0,0.0,-0.0,0.7179848922520448
MPC,2025-07,0.0,0.0,0.0,0.0,0.7179848922520448
MPC,2025-08,0.0,0.0,0.0,0.0,0.7179848922520448
MPC,2025-09,0.0,0.0,0.0,0.0,0.7179848922520448
MPC,2025-10,0.0,-0.0,0.0,-0.0,0.7179848922520448
MPC,2025-11,0.0,-0.0,0.0,-0.0,0.7179848922520448
MPC,2025-12,0.0,-0.0,0.0,-0.0,0.7179848922520448
MPC,2026-01,0.0,0.0,0.0,0.0,0.7179848922520448
MPC,2026-02,0.0,0.0,0.0,0.0,0.7179848922520448
MPC,2026-03,0.0,0.0,0.0,0.0,0.7179848922520448
MPC,2026-04,0.0,-0.0,0.0,-0.0,0.7179848922520448
MPC,2026-05,0.0,-0.0,0.0,-0.0,0.7179848922520448
MPC,2026-06,0.0,0.0,0.0,0.0,0.7179848922520448
MPC,2026-07,0.0,0.0,0.0,0.0,0.7179848922520448
PSX,2020-04,-1.0,-0.19075942761021958,0.002,-0.19276143028089265,0.82467869403686
PSX,2020-05,-1.0,-0.033329386146175644,0.0,-0.033329386146175644,0.7976456590474129
PSX,2020-06,-1.0,0.10233968611792399,0.0,0.10233968611792399,0.8835997147094903
PSX,2020-07,-1.0,0.20504262204679202,0.0,0.20504262204679202,1.0846870277962375
PSX,2020-08,-1.0,0.112173175720514,0.0,0.112173175720514,1.2134465116444233
PSX,2020-09,-1.0,0.08218976236189546,0.0,0.08218976236189546,1.3173925337826027
PSX,2020-10,0.0,-0.0,0.002,-0.0020020026706730775,1.3147577487150375
PSX,2020-11,0.0,0.0,0.0,0.0,1.3147577487150375
PSX,2020-12,0.0,0.0,0.0,0.0,1.3147577487150375
PSX,2021-01,0.0,-0.0,0.0,-0.0,1.3147577487150375
PSX,2021-02,0.0,0.0,0.0,0.0,1.3147577487150375
PSX,2021-03,0.0,-0.0,0.0,-0.0,1.3147577487150375
PSX,2021-04,0.0,-0.0,0.0,-0.0,1.3147577487150375
PSX,2021-05,0.0,0.0,0.0,0.0,1.3147577487150375
PSX,2021-06,0.0,-0.0,0.0,-0.0,1.3147577487150375
PSX,2021-07,0.0,-0.0,0.0,-0.0,1.3147577487150375
PSX,2021-08,0.0,-0.0,0.0,-0.0,1.3147577487150375
PSX,2021-09,0.0,0.0,0.0,0.0,1.3147577487150375
PSX,2021-10,0.0,-0.0,0.0,-0.0,1.3147577487150375
PSX,2021-11,0.0,-0.0,0.0,-0.0,1.3147577487150375
PSX,2021-12,0.0,0.0,0.0,0.0,1.3147577487150375
PSX,2022-01,0.0,0.0,0.0,0.0,1.3147577487150375
PSX,2022-02,0.0,0.0,0.0,0.0,1.3147577487150375
PSX,2022-03,0.0,-0.0,0.0,-0.0,1.3147577487150375
PSX,2022-04,0.0,0.0,0.0,0.0,1.3147577487150375
PSX,2022-05,0.0,0.0,0.0,0.0,1.3147577487150375
PSX,2022-06,0.0,-0.0,0.0,-0.0,1.3147577487150375
PSX,2022-07,0.0,-0.0,0.0,-0.0,1.3147577487150375
PSX,2022-08,0.0,0.0,0.0,0.0,1.3147577487150375
PSX,2022-09,0.0,-0.0,0.0,-0.0,1.3147577487150375
PSX,2022-10,0.0,0.0,0.0,0.0,1.3147577487150375
PSX,2022-11,0.0,-0.0,0.0,-0.0,1.3147577487150375
PSX,2022-12,0.0,0.0,0.0,0.0,1.3147577487150375
PSX,2023-01,0.0,-0.0,0.0,-0.0,1.3147577487150375
PSX,2023-02,0.0,0.0,0.0,0.0,1.3147577487150375
PSX,2023-03,0.0,-0.0,0.0,-0.0,1.3147577487150375
PSX,2023-04,0.0,-0.0,0.0,-0.0,1.3147577487150375
PSX,2023-05,0.0,-0.0,0.0,-0.0,1.3147577487150375
PSX,2023-06,0.0,-0.0,0.0,-0.0,1.3147577487150375
PSX,2023-07,0.0,0.0,0.0,0.0,1.3147577487150375
PSX,2023-08,0.0,0.0,0.0,0.0,1.3147577487150375
PSX,2023-09,0.0,0.0,0.0,0.0,1.3147577487150375
PSX,2023-10,0.0,-0.0,0.0,-0.0,1.3147577487150375
PSX,2023-11,0.0,0.0,0.0,0.0,1.3147577487150375
PSX,2023-12,0.0,-0.0,0.0,-0.0,1.3147577487150375
PSX,2024-01,0.0,0.0,0.0,0.0,1.3147577487150375
PSX,2024-02,0.0,-0.0,0.0,-0.0,1.3147577487150375
PSX,2024-03,0.0,0.0,0.0,0.0,1.3147577487150375
PSX,2024-04,-1.0,0.0903668133791804,0.002,0.08836481070850732,1.4362236991669972
PSX,2024-05,-1.0,0.04913726284336217,0.0,0.04913726284336217,1.5085584118865072
PSX,2024-06,-1.0,0.04130828724190572,0.0,0.04130828724190572,1.5721793658997054
PSX,2024-07,-1.0,-0.018037436990927525,0.0,-0.018037436990927525,1.5440755024418507
PSX,2024-08,-1.0,0.05099275962517602,0.0,0.05099275962517602,1.6248542355810351
PSX,2024-09,-1.0,0.08601441109541064,0.0,0.08601441109541064,1.7708019475215446
PSX,2024-10,0.0,-0.0,0.002,-0.0020020026706730775,1.7672603436265015
PSX,2024-11,0.0,0.0,0.0,0.0,1.7672603436265015
PSX,2024-12,0.0,-0.0,0.0,-0.0,1.7672603436265015
PSX,2025-01,0.0,0.0,0.0,0.0,1.7672603436265015
PSX,2025-02,0.0,0.0,0.0,0.0,1.7672603436265015
PSX,2025-03,0.0,0.0,0.0,0.0,1.7672603436265015
PSX,2025-04,0.0,-0.0,0.0,-0.0,1.7672603436265015
PSX,2025-05,0.0,0.0,0.0,0.0,1.7672603436265015
PSX,2025-06,0.0,-0.0,0.0,-0.0,1.7672603436265015
PSX,2025-07,0.0,0.0,0.0,0.0,1.7672603436265015
PSX,2025-08,0.0,0.0,0.0,0.0,1.7672603436265015
PSX,2025-09,0.0,-0.0,0.0,-0.0,1.7672603436265015
PSX,2025-10,0.0,-0.0,0.0,-0.0,1.7672603436265015
PSX,2025-11,0.0,0.0,0.0,0.0,1.7672603436265015
PSX,2025-12,0.0,-0.0,0.0,-0.0,1.7672603436265015
PSX,2026-01,0.0,0.0,0.0,0.0,1.7672603436265015
PSX,2026-02,0.0,0.0,0.0,0.0,1.7672603436265015
PSX,2026-03,0.0,0.0,0.0,0.0,1.7672603436265015
PSX,2026-04,0.0,-0.0,0.0,-0.0,1.7672603436265015
PSX,2026-05,0.0,-0.0,0.0,-0.0,1.7672603436265015
PSX,2026-06,0.0,-0.0,0.0,-0.0,1.7672603436265015
PSX,2026-07,0.0,0.0,0.0,0.0,1.7672603436265015
KMI,2020-04,1.0,-0.02960409220821436,0.002,-0.031606094878887436,0.9688881569289197
KMI,2020-05,1.0,0.007584538019138609,0.0,0.007584538019138609,0.9762646643306268
KMI,2020-06,1.0,-0.05826948073513938,0.0,-0.05826948073513938,0.9210038729346617
KMI,2020-07,1.0,-0.11186719712948356,0.0,-0.11186719712948356,0.8235275832980417
KMI,2020-08,1.0,-0.08752655655037955,0.0,-0.08752655655037955,0.7545114756546285
KMI,2020-09,1.0,-0.07591951338160685,0.0,-0.07591951338160685,0.6993497497030057
KMI,2020-10,0.0,0.0,0.002,-0.0020020026706730775,0.6979510502035996
KMI,2020-11,0.0,0.0,0.0,0.0,0.6979510502035996
KMI,2020-12,0.0,-0.0,0.0,-0.0,0.6979510502035996
KMI,2021-01,0.0,0.0,0.0,0.0,0.6979510502035996
KMI,2021-02,0.0,0.0,0.0,0.0,0.6979510502035996
KMI,2021-03,0.0,0.0,0.0,0.0,0.6979510502035996
KMI,2021-04,0.0,-0.0,0.0,-0.0,0.6979510502035996
KMI,2021-05,0.0,0.0,0.0,0.0,0.6979510502035996
KMI,2021-06,0.0,-0.0,0.0,-0.0,0.6979510502035996
KMI,2021-07,0.0,-0.0,0.0,-0.0,0.6979510502035996
KMI,2021-08,0.0,-0.0,0.0,-0.0,0.6979510502035996
KMI,2021-09,0.0,0.0,0.0,0.0,0.6979510502035996
KMI,2021-10,0.0,-0.0,0.0,-0.0,0.6979510502035996
KMI,2021-11,0.0,-0.0,0.0,-0.0,0.6979510502035996
KMI,2021-12,0.0,-0.0,0.0,-0.0,0.6979510502035996
KMI,2022-01,0.0,0.0,0.0,0.0,0.6979510502035996
KMI,2022-02,0.0,0.0,0.0,0.0,0.6979510502035996
KMI,2022-03,0.0,0.0,0.0,0.0,0.6979510502035996
KMI,2022-04,0.0,0.0,0.0,0.0,0.6979510502035996
KMI,2022-05,0.0,0.0,0.0,0.0,0.6979510502035996
KMI,2022-06,0.0,-0.0,0.0,-0.0,0.6979510502035996
KMI,2022-07,0.0,-0.0,0.0,-0.0,0.6979510502035996
KMI,2022-08,0.0,0.0,0.0,0.0,0.6979510502035996
KMI,2022-09,0.0,0.0,0.0,0.0,0.6979510502035996
KMI,2022-10,0.0,0.0,0.0,0.0,0.6979510502035996
KMI,2022-11,0.0,-0.0,0.0,-0.0,0.6979510502035996
KMI,2022-12,0.0,0.0,0.0,0.0,0.6979510502035996
KMI,2023-01,0.0,-0.0,0.0,-0.0,0.6979510502035996
KMI,2023-02,0.0,-0.0,0.0,-0.0,0.6979510502035996
KMI,2023-03,0.0,-0.0,0.0,-0.0,0.6979510502035996
KMI,2023-04,0.0,-0.0,0.0,-0.0,0.6979510502035996
KMI,2023-05,0.0,-0.0,0.0,-0.0,0.6979510502035996
KMI,2023-06,0.0,0.0,0.0,0.0,0.6979510502035996
KMI,2023-07,0.0,0.0,0.0,0.0,0.6979510502035996
KMI,2023-08,0.0,-0.0,0.0,-0.0,0.6979510502035996
KMI,2023-09,0.0,0.0,0.0,0.0,0.6979510502035996
KMI,2023-10,0.0,0.0,0.0,0.0,0.6979510502035996
KMI,2023-11,0.0,-0.0,0.0,-0.0,0.6979510502035996
KMI,2023-12,0.0,-0.0,0.0,-0.0,0.6979510502035996
KMI,2024-01,0.0,-0.0,0.0,-0.0,0.6979510502035996
KMI,2024-02,0.0,-0.0,0.0,-0.0,0.6979510502035996
KMI,2024-03,0.0,0.0,0.0,0.0,0.6979510502035996
KMI,2024-04,-1.0,-0.053388481219648565,0.002,-0.05539048389032164,0.6603423995968163
KMI,2024-05,-1.0,-0.014751836274175645,0.0,-0.014751836274175645,0.650672635380192
KMI,2024-06,-1.0,0.015362176489988055,0.0,0.015362176489988055,0.6607455561383064
KMI,2024-07,-1.0,-0.06277181686487499,0.0,-0.06277181686487499,0.620544309297259
KMI,2024-08,-1.0,0.002487163719823826,0.0,0.002487163719823826,0.6220896255205011
KMI,2024-09,-1.0,-0.003034855165564565,0.0,-0.003034855165564565,0.620204535541437
KMI,2024-10,0.0,0.0,0.002,-0.0020020026706730775,0.618964126470354
KMI,2024-11,0.0,0.0,0.0,0.0,0.618964126470354
KMI,2024-12,0.0,-0.0,0.0,-0.0,0.618964126470354
KMI,2025-01,0.0,-0.0,0.0,-0.0,0.618964126470354
KMI,2025-02,0.0,0.0,0.0,0.0,0.618964126470354
KMI,2025-03,0.0,0.0,0.0,0.0,0.618964126470354
KMI,2025-04,0.0,-0.0,0.0,-0.0,0.618964126470354
KMI,2025-05,0.0,0.0,0.0,0.0,0.618964126470354
KMI,2025-06,0.0,-0.0,0.0,-0.0,0.618964126470354
KMI,2025-07,0.0,-0.0,0.0,-0.0,0.618964126470354
KMI,2025-08,0.0,-0.0,0.0,-0.0,0.618964126470354
KMI,2025-09,0.0,0.0,0.0,0.0,0.618964126470354
KMI,2025-10,0.0,-0.0,0.0,-0.0,0.618964126470354
KMI,2025-11,0.0,0.0,0.0,0.0,0.618964126470354
KMI,2025-12,0.0,0.0,0.0,0.0,0.618964126470354
KMI,2026-01,0.0,0.0,0.0,0.0,0.618964126470354
KMI,2026-02,0.0,0.0,0.0,0.0,0.618964126470354
KMI,2026-03,0.0,0.0,0.0,0.0,0.618964126470354
KMI,2026-04,0.0,-0.0,0.0,-0.0,0.618964126470354
KMI,2026-05,0.0,-0.0,0.0,-0.0,0.618964126470354
KMI,2026-06,0.0,0.0,0.0,0.0,0.618964126470354
KMI,2026-07,0.0,0.0,0.0,0.0,0.618964126470354
WMB,2010-05,1.0,-0.09555044547856895,0.002,-0.09755244814924202,0.9070547669644246
WMB,2010-06,1.0,-0.017709557902389594,0.0,-0.017709557902389594,0.8911326311751185
WMB,2010-07,1.0,-0.006088439895091113,0.0,-0.006088439895091113,0.8857235069846839
WMB,2010-08,1.0,-0.01526173929215835,0.0,-0.01526173929215835,0.8723084546378241
WMB,2010-09,1.0,-0.03312675597971726,0.0,-0.03312675597971726,0.843885091456408
WMB,2010-10,1.0,0.0808157657643176,0.0,0.0808157657643176,0.9149158588698285
WMB,2010-11,0.0,0.0,0.002,-0.0020020026706730775,0.9130860271520889
WMB,2010-12,0.0,0.0,0.0,0.0,0.9130860271520889
WMB,2011-01,0.0,0.0,0.0,0.0,0.9130860271520889
WMB,2011-02,0.0,0.0,0.0,0.0,0.9130860271520889
WMB,2011-03,0.0,0.0,0.0,0.0,0.9130860271520889
WMB,2011-04,0.0,0.0,0.0,0.0,0.9130860271520889
WMB,2011-05,0.0,-0.0,0.0,-0.0,0.9130860271520889
WMB,2011-06,0.0,-0.0,0.0,-0.0,0.9130860271520889
WMB,2011-07,0.0,0.0,0.0,0.0,0.9130860271520889
WMB,2011-08,0.0,-0.0,0.0,-0.0,0.9130860271520889
WMB,2011-09,0.0,-0.0,0.0,-0.0,0.9130860271520889
WMB,2011-10,0.0,0.0,0.0,0.0,0.9130860271520889
WMB,2011-11,0.0,0.0,0.0,0.0,0.9130860271520889
WMB,2011-12,0.0,0.0,0.0,0.0,0.9130860271520889
WMB,2012-01,0.0,-0.0,0.0,-0.0,0.9130860271520889
WMB,2012-02,0.0,-0.0,0.0,-0.0,0.9130860271520889
WMB,2012-03,0.0,0.0,0.0,0.0,0.9130860271520889
WMB,2012-04,0.0,0.0,0.0,0.0,0.9130860271520889
WMB,2012-05,0.0,-0.0,0.0,-0.0,0.9130860271520889
WMB,2012-06,0.0,-0.0,0.0,-0.0,0.9130860271520889
WMB,2012-07,0.0,0.0,0.0,0.0,0.9130860271520889
WMB,2012-08,0.0,-0.0,0.0,-0.0,0.9130860271520889
WMB,2012-09,0.0,0.0,0.0,0.0,0.9130860271520889
WMB,2012-10,0.0,0.0,0.0,0.0,0.9130860271520889
WMB,2012-11,0.0,-0.0,0.0,-0.0,0.9130860271520889
WMB,2012-12,0.0,-0.0,0.0,-0.0,0.9130860271520889
WMB,2013-01,0.0,0.0,0.0,0.0,0.9130860271520889
WMB,2013-02,0.0,-0.0,0.0,-0.0,0.9130860271520889
WMB,2013-03,0.0,0.0,0.0,0.0,0.9130860271520889
WMB,2013-04,0.0,-0.0,0.0,-0.0,0.9130860271520889
WMB,2013-05,0.0,-0.0,0.0,-0.0,0.9130860271520889
WMB,2013-06,0.0,-0.0,0.0,-0.0,0.9130860271520889
WMB,2013-07,0.0,0.0,0.0,0.0,0.9130860271520889
WMB,2013-08,0.0,0.0,0.0,0.0,0.9130860271520889
WMB,2013-09,0.0,-0.0,0.0,-0.0,0.9130860271520889
WMB,2013-10,0.0,-0.0,0.0,-0.0,0.9130860271520889
WMB,2013-11,0.0,-0.0,0.0,-0.0,0.9130860271520889
WMB,2013-12,0.0,0.0,0.0,0.0,0.9130860271520889
WMB,2014-01,0.0,0.0,0.0,0.0,0.9130860271520889
WMB,2014-02,0.0,-0.0,0.0,-0.0,0.9130860271520889
WMB,2014-03,0.0,-0.0,0.0,-0.0,0.9130860271520889
WMB,2014-04,0.0,0.0,0.0,0.0,0.9130860271520889
WMB,2014-05,0.0,0.0,0.0,0.0,0.9130860271520889
WMB,2014-06,0.0,0.0,0.0,0.0,0.9130860271520889
WMB,2014-07,0.0,-0.0,0.0,-0.0,0.9130860271520889
WMB,2014-08,0.0,0.0,0.0,0.0,0.9130860271520889
WMB,2014-09,0.0,-0.0,0.0,-0.0,0.9130860271520889
WMB,2014-10,0.0,-0.0,0.0,-0.0,0.9130860271520889
WMB,2014-11,0.0,-0.0,0.0,-0.0,0.9130860271520889
WMB,2014-12,0.0,-0.0,0.0,-0.0,0.9130860271520889
WMB,2015-01,0.0,0.0,0.0,0.0,0.9130860271520889
WMB,2015-02,0.0,0.0,0.0,0.0,0.9130860271520889
WMB,2015-03,0.0,0.0,0.0,0.0,0.9130860271520889
WMB,2015-04,0.0,0.0,0.0,0.0,0.9130860271520889
WMB,2015-05,0.0,-0.0,0.0,-0.0,0.9130860271520889
WMB,2015-06,0.0,0.0,0.0,0.0,0.9130860271520889
WMB,2015-07,0.0,-0.0,0.0,-0.0,0.9130860271520889
WMB,2015-08,0.0,-0.0,0.0,-0.0,0.9130860271520889
WMB,2015-09,0.0,-0.0,0.0,-0.0,0.9130860271520889
WMB,2015-10,0.0,-0.0,0.0,-0.0,0.9130860271520889
WMB,2015-11,0.0,-0.0,0.0,-0.0,0.9130860271520889
WMB,2015-12,0.0,-0.0,0.0,-0.0,0.9130860271520889
WMB,2016-01,0.0,-0.0,0.0,-0.0,0.9130860271520889
WMB,2016-02,0.0,-0.0,0.0,-0.0,0.9130860271520889
WMB,2016-03,0.0,-0.0,0.0,-0.0,0.9130860271520889
WMB,2016-04,1.0,0.18386593623318293,0.002,0.18186393356250985,1.0952019280415584
WMB,2016-05,1.0,0.11666676313948887,0.0,0.11666676313948887,1.2307275746111712
WMB,2016-06,1.0,0.0021828389271529858,0.0,0.0021828389271529858,1.2334169888809592
WMB,2016-07,1.0,0.06687601289411704,0.0,0.06687601289411704,1.3187236940431988
WMB,2016-08,1.0,0.15205952733404082,0.0,0.15205952733404082,1.5352970768677943
WMB,2016-09,1.0,0.10200413968654898,0.0,0.10200413968654898,1.7001696452704493
WMB,2016-10,0.0,-0.0,0.002,-0.0020020026706730775,1.6967693059799085
WMB,2016-11,0.0,0.0,0.0,0.0,1.6967693059799085
WMB,2016-12,0.0,0.0,0.0,0.0,1.6967693059799085
WMB,2017-01,0.0,-0.0,0.0,-0.0,1.6967693059799085
WMB,2017-02,0.0,-0.0,0.0,-0.0,1.6967693059799085
WMB,2017-03,0.0,0.0,0.0,0.0,1.6967693059799085
WMB,2017-04,0.0,0.0,0.0,0.0,1.6967693059799085
WMB,2017-05,0.0,-0.0,0.0,-0.0,1.6967693059799085
WMB,2017-06,0.0,0.0,0.0,0.0,1.6967693059799085
WMB,2017-07,0.0,0.0,0.0,0.0,1.6967693059799085
WMB,2017-08,0.0,-0.0,0.0,-0.0,1.6967693059799085
WMB,2017-09,0.0,-0.0,0.0,-0.0,1.6967693059799085
WMB,2017-10,0.0,-0.0,0.0,-0.0,1.6967693059799085
WMB,2017-11,0.0,-0.0,0.0,-0.0,1.6967693059799085
WMB,2017-12,0.0,0.0,0.0,0.0,1.6967693059799085
WMB,2018-01,0.0,-0.0,0.0,-0.0,1.6967693059799085
WMB,2018-02,0.0,-0.0,0.0,-0.0,1.6967693059799085
WMB,2018-03,0.0,-0.0,0.0,-0.0,1.6967693059799085
WMB,2018-04,0.0,0.0,0.0,0.0,1.6967693059799085
WMB,2018-05,0.0,0.0,0.0,0.0,1.6967693059799085
WMB,2018-06,0.0,0.0,0.0,0.0,1.6967693059799085
WMB,2018-07,0.0,0.0,0.0,0.0,1.6967693059799085
WMB,2018-08,0.0,-0.0,0.0,-0.0,1.6967693059799085
WMB,2018-09,0.0,-0.0,0.0,-0.0,1.6967693059799085
WMB,2018-10,0.0,-0.0,0.0,-0.0,1.6967693059799085
WMB,2018-11,0.0,0.0,0.0,0.0,1.6967693059799085
WMB,2018-12,0.0,-0.0,0.0,-0.0,1.6967693059799085
WMB,2019-01,0.0,0.0,0.0,0.0,1.6967693059799085
WMB,2019-02,0.0,-0.0,0.0,-0.0,1.6967693059799085
WMB,2019-03,0.0,0.0,0.0,0.0,1.6967693059799085
WMB,2019-04,1.0,-0.05371247095328702,0.002,-0.05571447362396009,1.6048199363917277
WMB,2019-05,1.0,-0.005419808497602929,0.0,-0.005419808497602929,1.5961456473894096
WMB,2019-06,1.0,0.0074947940334380014,0.0,0.0074947940334380014,1.608153371766427
WMB,2019-07,1.0,-0.1442672176660369,0.0,-0.1442672176660369,1.3921082559872453
WMB,2019-08,1.0,-0.026239235340756117,0.0,-0.026239235340756117,1.356055467141619
WMB,2019-09,1.0,0.015374269183134892,0.0,0.015374269183134892,1.3770649175650298
WMB,2019-10,0.0,-0.0,0.002,-0.0020020026706730775,1.3743107877299
WMB,2019-11,0.0,-0.0,0.0,-0.0,1.3743107877299
WMB,2019-12,0.0,0.0,0.0,0.0,1.3743107877299
WMB,2020-01,0.0,-0.0,0.0,-0.0,1.3743107877299
WMB,2020-02,0.0,-0.0,0.0,-0.0,1.3743107877299
WMB,2020-03,0.0,-0.0,0.0,-0.0,1.3743107877299
WMB,2020-04,1.0,0.19446624912064658,0.002,0.1924642464499735,1.6659851108097827
WMB,2020-05,1.0,0.006733879159681155,0.0,0.006733879159681155,1.6772415103095981
WMB,2020-06,1.0,-0.0690325034029593,0.0,-0.0690325034029593,1.5653633700433227
WMB,2020-07,1.0,-0.051456544657177083,0.0,-0.051456544657177083,1.4868524526634936
WMB,2020-08,1.0,0.014301697339745623,0.0,0.014301697339745623,1.5082697532517184
WMB,2020-09,1.0,0.0024244593595965647,0.0,0.0024244593595965647,1.5119309283635531
WMB,2020-10,0.0,0.0,0.002,-0.0020020026706730775,1.508907066506826
WMB,2020-11,0.0,-0.0,0.0,-0.0,1.508907066506826
WMB,2020-12,0.0,-0.0,0.0,-0.0,1.508907066506826
WMB,2021-01,0.0,0.0,0.0,0.0,1.508907066506826
WMB,2021-02,0.0,0.0,0.0,0.0,1.508907066506826
WMB,2021-03,0.0,0.0,0.0,0.0,1.508907066506826
WMB,2021-04,0.0,-0.0,0.0,-0.0,1.508907066506826
WMB,2021-05,0.0,0.0,0.0,0.0,1.508907066506826
WMB,2021-06,0.0,0.0,0.0,0.0,1.508907066506826
WMB,2021-07,0.0,-0.0,0.0,-0.0,1.508907066506826
WMB,2021-08,0.0,-0.0,0.0,-0.0,1.508907066506826
WMB,2021-09,0.0,0.0,0.0,0.0,1.508907066506826
WMB,2021-10,0.0,0.0,0.0,0.0,1.508907066506826
WMB,2021-11,0.0,-0.0,0.0,-0.0,1.508907066506826
WMB,2021-12,0.0,-0.0,0.0,-0.0,1.508907066506826
WMB,2022-01,0.0,0.0,0.0,0.0,1.508907066506826
WMB,2022-02,0.0,0.0,0.0,0.0,1.508907066506826
WMB,2022-03,0.0,0.0,0.0,0.0,1.508907066506826
WMB,2022-04,0.0,0.0,0.0,0.0,1.508907066506826
WMB,2022-05,0.0,0.0,0.0,0.0,1.508907066506826
WMB,2022-06,0.0,-0.0,0.0,-0.0,1.508907066506826
WMB,2022-07,0.0,0.0,0.0,0.0,1.508907066506826
WMB,2022-08,0.0,0.0,0.0,0.0,1.508907066506826
WMB,2022-09,0.0,-0.0,0.0,-0.0,1.508907066506826
WMB,2022-10,0.0,0.0,0.0,0.0,1.508907066506826
WMB,2022-11,0.0,0.0,0.0,0.0,1.508907066506826
WMB,2022-12,0.0,0.0,0.0,0.0,1.508907066506826
WMB,2023-01,0.0,-0.0,0.0,-0.0,1.508907066506826
WMB,2023-02,0.0,-0.0,0.0,-0.0,1.508907066506826
WMB,2023-03,0.0,-0.0,0.0,-0.0,1.508907066506826
WMB,2023-04,0.0,-0.0,0.0,-0.0,1.508907066506826
WMB,2023-05,0.0,-0.0,0.0,-0.0,1.508907066506826
WMB,2023-06,0.0,0.0,0.0,0.0,1.508907066506826
WMB,2023-07,0.0,0.0,0.0,0.0,1.508907066506826
WMB,2023-08,0.0,0.0,0.0,0.0,1.508907066506826
WMB,2023-09,0.0,0.0,0.0,0.0,1.508907066506826
WMB,2023-10,0.0,0.0,0.0,0.0,1.508907066506826
WMB,2023-11,0.0,-0.0,0.0,-0.0,1.508907066506826
WMB,2023-12,0.0,-0.0,0.0,-0.0,1.508907066506826
WMB,2024-01,0.0,-0.0,0.0,-0.0,1.508907066506826
WMB,2024-02,0.0,-0.0,0.0,-0.0,1.508907066506826
WMB,2024-03,0.0,0.0,0.0,0.0,1.508907066506826
WMB,2024-04,1.0,0.025378150724957305,0.002,0.023376148054284226,1.5445949995899018
WMB,2024-05,1.0,0.029577000830419475,0.0,0.029577000830419475,1.5909618025739072
WMB,2024-06,1.0,0.00043180745696203005,0.0,0.00043180745696203005,1.591648940088875
WMB,2024-07,1.0,-0.0017366287114888301,0.0,-0.0017366287114888301,1.5888872355626729
WMB,2024-08,1.0,0.040728269721992394,0.0,0.040728269721992394,1.6549357545890633
WMB,2024-09,1.0,-0.0128220113853863,0.0,-0.0128220113853863,1.633851608938421
WMB,2024-10,0.0,0.0,0.002,-0.0020020026706730775,1.630583905720544
WMB,2024-11,0.0,0.0,0.0,0.0,1.630583905720544
WMB,2024-12,0.0,-0.0,0.0,-0.0,1.630583905720544
WMB,2025-01,0.0,-0.0,0.0,-0.0,1.630583905720544
WMB,2025-02,0.0,0.0,0.0,0.0,1.630583905720544
WMB,2025-03,0.0,0.0,0.0,0.0,1.630583905720544
WMB,2025-04,0.0,-0.0,0.0,-0.0,1.630583905720544
WMB,2025-05,0.0,-0.0,0.0,-0.0,1.630583905720544
WMB,2025-06,0.0,-0.0,0.0,-0.0,1.630583905720544
WMB,2025-07,0.0,-0.0,0.0,-0.0,1.630583905720544
WMB,2025-08,0.0,-0.0,0.0,-0.0,1.630583905720544
WMB,2025-09,0.0,0.0,0.0,0.0,1.630583905720544
WMB,2025-10,0.0,-0.0,0.0,-0.0,1.630583905720544
WMB,2025-11,0.0,0.0,0.0,0.0,1.630583905720544
WMB,2025-12,0.0,-0.0,0.0,-0.0,1.630583905720544
WMB,2026-01,0.0,0.0,0.0,0.0,1.630583905720544
WMB,2026-02,0.0,0.0,0.0,0.0,1.630583905720544
WMB,2026-03,0.0,0.0,0.0,0.0,1.630583905720544
WMB,2026-04,0.0,-0.0,0.0,-0.0,1.630583905720544
WMB,2026-05,0.0,-0.0,0.0,-0.0,1.630583905720544
WMB,2026-06,0.0,0.0,0.0,0.0,1.630583905720544
WMB,2026-07,0.0,-0.0,0.0,-0.0,1.630583905720544
XLE,2010-05,1.0,-0.03864215676411975,0.002,-0.040644159434792826,0.9601707368630962
XLE,2010-06,1.0,-0.007975026618363579,0.0,-0.007975026618363579,0.9525438026036827
XLE,2010-07,1.0,0.014344976661242903,0.0,0.014344976661242903,0.9663064979882957
XLE,2010-08,1.0,-0.004253630912928852,0.0,-0.004253630912928852,0.9622049162887296
XLE,2010-09,1.0,0.009504364265470855,0.0,0.009504364265470855,0.9713936597231224
XLE,2010-10,1.0,0.01768402439981598,0.0,0.01768402439981598,0.9887245976191019
XLE,2010-11,0.0,0.0,0.002,-0.0020020026706730775,0.9867471484238637
XLE,2010-12,0.0,0.0,0.0,0.0,0.9867471484238637
XLE,2011-01,0.0,0.0,0.0,0.0,0.9867471484238637
XLE,2011-02,0.0,0.0,0.0,0.0,0.9867471484238637
XLE,2011-03,0.0,0.0,0.0,0.0,0.9867471484238637
XLE,2011-04,0.0,-0.0,0.0,-0.0,0.9867471484238637
XLE,2011-05,0.0,-0.0,0.0,-0.0,0.9867471484238637
XLE,2011-06,0.0,-0.0,0.0,-0.0,0.9867471484238637
XLE,2011-07,0.0,0.0,0.0,0.0,0.9867471484238637
XLE,2011-08,0.0,-0.0,0.0,-0.0,0.9867471484238637
XLE,2011-09,0.0,-0.0,0.0,-0.0,0.9867471484238637
XLE,2011-10,0.0,0.0,0.0,0.0,0.9867471484238637
XLE,2011-11,0.0,0.0,0.0,0.0,0.9867471484238637
XLE,2011-12,0.0,-0.0,0.0,-0.0,0.9867471484238637
XLE,2012-01,0.0,-0.0,0.0,-0.0,0.9867471484238637
XLE,2012-02,0.0,0.0,0.0,0.0,0.9867471484238637
XLE,2012-03,0.0,-0.0,0.0,-0.0,0.9867471484238637
XLE,2012-04,0.0,-0.0,0.0,-0.0,0.9867471484238637
XLE,2012-05,0.0,-0.0,0.0,-0.0,0.9867471484238637
XLE,2012-06,0.0,0.0,0.0,0.0,0.9867471484238637
XLE,2012-07,0.0,0.0,0.0,0.0,0.9867471484238637
XLE,2012-08,0.0,0.0,0.0,0.0,0.9867471484238637
XLE,2012-09,0.0,0.0,0.0,0.0,0.9867471484238637
XLE,2012-10,0.0,-0.0,0.0,-0.0,0.9867471484238637
XLE,2012-11,0.0,-0.0,0.0,-0.0,0.9867471484238637
XLE,2012-12,0.0,0.0,0.0,0.0,0.9867471484238637
XLE,2013-01,0.0,0.0,0.0,0.0,0.9867471484238637
XLE,2013-02,0.0,-0.0,0.0,-0.0,0.9867471484238637
XLE,2013-03,0.0,-0.0,0.0,-0.0,0.9867471484238637
XLE,2013-04,0.0,-0.0,0.0,-0.0,0.9867471484238637
XLE,2013-05,0.0,0.0,0.0,0.0,0.9867471484238637
XLE,2013-06,0.0,-0.0,0.0,-0.0,0.9867471484238637
XLE,2013-07,0.0,0.0,0.0,0.0,0.9867471484238637
XLE,2013-08,0.0,0.0,0.0,0.0,0.9867471484238637
XLE,2013-09,0.0,-0.0,0.0,-0.0,0.9867471484238637
XLE,2013-10,0.0,-0.0,0.0,-0.0,0.9867471484238637
XLE,2013-11,0.0,-0.0,0.0,-0.0,0.9867471484238637
XLE,2013-12,0.0,0.0,0.0,0.0,0.9867471484238637
XLE,2014-01,0.0,-0.0,0.0,-0.0,0.9867471484238637
XLE,2014-02,0.0,0.0,0.0,0.0,0.9867471484238637
XLE,2014-03,0.0,0.0,0.0,0.0,0.9867471484238637
XLE,2014-04,0.0,0.0,0.0,0.0,0.9867471484238637
XLE,2014-05,0.0,-0.0,0.0,-0.0,0.9867471484238637
XLE,2014-06,0.0,0.0,0.0,0.0,0.9867471484238637
XLE,2014-07,0.0,-0.0,0.0,-0.0,0.9867471484238637
XLE,2014-08,0.0,-0.0,0.0,-0.0,0.9867471484238637
XLE,2014-09,0.0,-0.0,0.0,-0.0,0.9867471484238637
XLE,2014-10,0.0,-0.0,0.0,-0.0,0.9867471484238637
XLE,2014-11,0.0,-0.0,0.0,-0.0,0.9867471484238637
XLE,2014-12,0.0,0.0,0.0,0.0,0.9867471484238637
XLE,2015-01,0.0,-0.0,0.0,-0.0,0.9867471484238637
XLE,2015-02,0.0,-0.0,0.0,-0.0,0.9867471484238637
XLE,2015-03,0.0,0.0,0.0,0.0,0.9867471484238637
XLE,2015-04,0.0,0.0,0.0,0.0,0.9867471484238637
XLE,2015-05,0.0,-0.0,0.0,-0.0,0.9867471484238637
XLE,2015-06,0.0,-0.0,0.0,-0.0,0.9867471484238637
XLE,2015-07,0.0,-0.0,0.0,-0.0,0.9867471484238637
XLE,2015-08,0.0,0.0,0.0,0.0,0.9867471484238637
XLE,2015-09,0.0,-0.0,0.0,-0.0,0.9867471484238637
XLE,2015-10,0.0,0.0,0.0,0.0,0.9867471484238637
XLE,2015-11,0.0,-0.0,0.0,-0.0,0.9867471484238637
XLE,2015-12,0.0,-0.0,0.0,-0.0,0.9867471484238637
XLE,2016-01,0.0,0.0,0.0,0.0,0.9867471484238637
XLE,2016-02,0.0,-0.0,0.0,-0.0,0.9867471484238637
XLE,2016-03,0.0,0.0,0.0,0.0,0.9867471484238637
XLE,2016-04,1.0,0.08283162885525774,0.002,0.08082962618458467,1.0698176055860107
XLE,2016-05,1.0,-0.026241791297630712,0.0,-0.026241791297630712,1.0421088292926801
XLE,2016-06,1.0,0.023401253598069438,0.0,0.023401253598069438,1.0667830602562853
XLE,2016-07,1.0,-0.048528460792225836,0.0,-0.048528460792225836,1.0162497881146264
XLE,2016-08,1.0,0.015434703987919463,0.0,0.015434703987919463,1.0320569786139622
XLE,2016-09,1.0,0.03615309238472886,0.0,0.03615309238472886,1.070051705020317
XLE,2016-10,0.0,-0.0,0.002,-0.0020020026706730775,1.0679116016102763
XLE,2016-11,0.0,0.0,0.0,0.0,1.0679116016102763
XLE,2016-12,0.0,-0.0,0.0,-0.0,1.0679116016102763
XLE,2017-01,0.0,-0.0,0.0,-0.0,1.0679116016102763
XLE,2017-02,0.0,-0.0,0.0,-0.0,1.0679116016102763
XLE,2017-03,0.0,-0.0,0.0,-0.0,1.0679116016102763
XLE,2017-04,0.0,-0.0,0.0,-0.0,1.0679116016102763
XLE,2017-05,0.0,-0.0,0.0,-0.0,1.0679116016102763
XLE,2017-06,0.0,-0.0,0.0,-0.0,1.0679116016102763
XLE,2017-07,0.0,0.0,0.0,0.0,1.0679116016102763
XLE,2017-08,0.0,-0.0,0.0,-0.0,1.0679116016102763
XLE,2017-09,0.0,0.0,0.0,0.0,1.0679116016102763
XLE,2017-10,0.0,-0.0,0.0,-0.0,1.0679116016102763
XLE,2017-11,0.0,-0.0,0.0,-0.0,1.0679116016102763
XLE,2017-12,0.0,0.0,0.0,0.0,1.0679116016102763
XLE,2018-01,0.0,-0.0,0.0,-0.0,1.0679116016102763
XLE,2018-02,0.0,-0.0,0.0,-0.0,1.0679116016102763
XLE,2018-03,0.0,0.0,0.0,0.0,1.0679116016102763
XLE,2018-04,0.0,0.0,0.0,0.0,1.0679116016102763
XLE,2018-05,0.0,0.0,0.0,0.0,1.0679116016102763
XLE,2018-06,0.0,-0.0,0.0,-0.0,1.0679116016102763
XLE,2018-07,0.0,-0.0,0.0,-0.0,1.0679116016102763
XLE,2018-08,0.0,-0.0,0.0,-0.0,1.0679116016102763
XLE,2018-09,0.0,0.0,0.0,0.0,1.0679116016102763
XLE,2018-10,0.0,-0.0,0.0,-0.0,1.0679116016102763
XLE,2018-11,0.0,-0.0,0.0,-0.0,1.0679116016102763
XLE,2018-12,0.0,-0.0,0.0,-0.0,1.0679116016102763
XLE,2019-01,0.0,0.0,0.0,0.0,1.0679116016102763
XLE,2019-02,0.0,-0.0,0.0,-0.0,1.0679116016102763
XLE,2019-03,0.0,0.0,0.0,0.0,1.0679116016102763
XLE,2019-04,1.0,-0.040191292223025865,0.002,-0.04219329489369894,1.0237902505520788
XLE,2019-05,1.0,-0.051793142665273795,0.0,-0.051793142665273795,0.9721147067017403
XLE,2019-06,1.0,0.02253349613576594,0.0,0.02253349613576594,0.9942685136598461
XLE,2019-07,1.0,-0.030986382654488498,0.0,-0.030986382654488498,0.9639321631797719
XLE,2019-08,1.0,-0.07003919513505252,0.0,-0.07003919513505252,0.8987291652560343
XLE,2019-09,1.0,0.019325512907718778,0.0,0.019325512907718778,0.9162664803345365
XLE,2019-10,0.0,-0.0,0.002,-0.0020020026706730775,0.9144339473738675
XLE,2019-11,0.0,-0.0,0.0,-0.0,0.9144339473738675
XLE,2019-12,0.0,0.0,0.0,0.0,0.9144339473738675
XLE,2020-01,0.0,-0.0,0.0,-0.0,0.9144339473738675
XLE,2020-02,0.0,-0.0,0.0,-0.0,0.9144339473738675
XLE,2020-03,0.0,-0.0,0.0,-0.0,0.9144339473738675
XLE,2020-04,1.0,0.14867889737523798,0.002,0.1466768947045649,1.058895996686956
XLE,2020-05,1.0,-0.026742424954765642,0.0,-0.026742424954765642,1.0309538357649166
XLE,2020-06,1.0,-0.028593716464845986,0.0,-0.028593716464845986,1.0018924999155978
XLE,2020-07,1.0,-0.10650232611555,0.0,-0.10650232611555,0.9006742632891552
XLE,2020-08,1.0,-0.0780713554054775,0.0,-0.0780713554054775,0.8330322099738784
XLE,2020-09,1.0,-0.11975210544137127,0.0,-0.11975210544137127,0.7390164669253414
XLE,2020-10,0.0,-0.0,0.002,-0.0020020026706730775,0.7375384339914908
XLE,2020-11,0.0,0.0,0.0,0.0,0.7375384339914908
XLE,2020-12,0.0,0.0,0.0,0.0,0.7375384339914908
XLE,2021-01,0.0,0.0,0.0,0.0,0.7375384339914908
XLE,2021-02,0.0,0.0,0.0,0.0,0.7375384339914908
XLE,2021-03,0.0,-0.0,0.0,-0.0,0.7375384339914908
XLE,2021-04,0.0,-0.0,0.0,-0.0,0.7375384339914908
XLE,2021-05,0.0,0.0,0.0,0.0,0.7375384339914908
XLE,2021-06,0.0,0.0,0.0,0.0,0.7375384339914908
XLE,2021-07,0.0,-0.0,0.0,-0.0,0.7375384339914908
XLE,2021-08,0.0,-0.0,0.0,-0.0,0.7375384339914908
XLE,2021-09,0.0,0.0,0.0,0.0,0.7375384339914908
XLE,2021-10,0.0,0.0,0.0,0.0,0.7375384339914908
XLE,2021-11,0.0,-0.0,0.0,-0.0,0.7375384339914908
XLE,2021-12,0.0,-0.0,0.0,-0.0,0.7375384339914908
XLE,2022-01,0.0,0.0,0.0,0.0,0.7375384339914908
XLE,2022-02,0.0,0.0,0.0,0.0,0.7375384339914908
XLE,2022-03,0.0,0.0,0.0,0.0,0.7375384339914908
XLE,2022-04,0.0,0.0,0.0,0.0,0.7375384339914908
XLE,2022-05,0.0,0.0,0.0,0.0,0.7375384339914908
XLE,2022-06,0.0,-0.0,0.0,-0.0,0.7375384339914908
XLE,2022-07,0.0,0.0,0.0,0.0,0.7375384339914908
XLE,2022-08,0.0,0.0,0.0,0.0,0.7375384339914908
XLE,2022-09,0.0,-0.0,0.0,-0.0,0.7375384339914908
XLE,2022-10,0.0,0.0,0.0,0.0,0.7375384339914908
XLE,2022-11,0.0,-0.0,0.0,-0.0,0.7375384339914908
XLE,2022-12,0.0,0.0,0.0,0.0,0.7375384339914908
XLE,2023-01,0.0,-0.0,0.0,-0.0,0.7375384339914908
XLE,2023-02,0.0,-0.0,0.0,-0.0,0.7375384339914908
XLE,2023-03,0.0,-0.0,0.0,-0.0,0.7375384339914908
XLE,2023-04,0.0,0.0,0.0,0.0,0.7375384339914908
XLE,2023-05,0.0,-0.0,0.0,-0.0,0.7375384339914908
XLE,2023-06,0.0,0.0,0.0,0.0,0.7375384339914908
XLE,2023-07,0.0,0.0,0.0,0.0,0.7375384339914908
XLE,2023-08,0.0,0.0,0.0,0.0,0.7375384339914908
XLE,2023-09,0.0,0.0,0.0,0.0,0.7375384339914908
XLE,2023-10,0.0,-0.0,0.0,-0.0,0.7375384339914908
XLE,2023-11,0.0,-0.0,0.0,-0.0,0.7375384339914908
XLE,2023-12,0.0,-0.0,0.0,-0.0,0.7375384339914908
XLE,2024-01,0.0,-0.0,0.0,-0.0,0.7375384339914908
XLE,2024-02,0.0,-0.0,0.0,-0.0,0.7375384339914908
XLE,2024-03,0.0,0.0,0.0,0.0,0.7375384339914908
XLE,2024-04,1.0,0.03168333747972518,0.002,0.029681334809052103,0.759757676366649
XLE,2024-05,1.0,-0.05276970669155778,0.0,-0.05276970669155778,0.7207049490134141
XLE,2024-06,1.0,-0.04891563524077913,0.0,-0.04891563524077913,0.6862995495848803
XLE,2024-07,1.0,0.010312165716640731,0.0,0.010312165716640731,0.693413400837035
XLE,2024-08,1.0,-0.044020099012168856,0.0,-0.044020099012168856,0.6635513612349321
XLE,2024-09,1.0,-0.051427202161000274,0.0,-0.051427202161000274,0.6302893868735565
XLE,2024-10,0.0,0.0,0.002,-0.0020020026706730775,0.6290288080998094
XLE,2024-11,0.0,0.0,0.0,0.0,0.6290288080998094
XLE,2024-12,0.0,-0.0,0.0,-0.0,0.6290288080998094
XLE,2025-01,0.0,-0.0,0.0,-0.0,0.6290288080998094
XLE,2025-02,0.0,0.0,0.0,0.0,0.6290288080998094
XLE,2025-03,0.0,0.0,0.0,0.0,0.6290288080998094
XLE,2025-04,0.0,-0.0,0.0,-0.0,0.6290288080998094
XLE,2025-05,0.0,-0.0,0.0,-0.0,0.6290288080998094
XLE,2025-06,0.0,-0.0,0.0,-0.0,0.6290288080998094
XLE,2025-07,0.0,0.0,0.0,0.0,0.6290288080998094
XLE,2025-08,0.0,0.0,0.0,0.0,0.6290288080998094
XLE,2025-09,0.0,-0.0,0.0,-0.0,0.6290288080998094
XLE,2025-10,0.0,-0.0,0.0,-0.0,0.6290288080998094
XLE,2025-11,0.0,0.0,0.0,0.0,0.6290288080998094
XLE,2025-12,0.0,-0.0,0.0,-0.0,0.6290288080998094
XLE,2026-01,0.0,0.0,0.0,0.0,0.6290288080998094
XLE,2026-02,0.0,0.0,0.0,0.0,0.6290288080998094
XLE,2026-03,0.0,0.0,0.0,0.0,0.6290288080998094
XLE,2026-04,0.0,-0.0,0.0,-0.0,0.6290288080998094
XLE,2026-05,0.0,-0.0,0.0,-0.0,0.6290288080998094
XLE,2026-06,0.0,-0.0,0.0,-0.0,0.6290288080998094
XLE,2026-07,0.0,0.0,0.0,0.0,0.6290288080998094
