month,ticker,weight,news_z,relmom_z,selection_score,selected
2021-06,MOD,0.0,0.0,0.8143067877070422,0.6012137287295378,False
2021-06,AAON,0.0,0.0,-2.350782421236341,-0.8230764152949847,False
2021-06,VRT,0.0,0.0,0.2684336885155515,0.2528564766040181,False
2021-06,NVT,0.0,0.0,0.625841177129401,0.27673736982778524,False
2021-06,JCI,0.0,0.0,0.3151241368009438,-3.77749724856935e-05,False
2021-06,TT,0.0,0.0,0.47514692941870207,0.10621060086862179,False
2021-06,SPXC,0.0,0.0,-0.14807029833529964,-0.413903985762493,False
2021-07,MOD,0.0,0.0,0.11323311819582549,0.28573057744949026,False
2021-07,AAON,0.0,0.0,-1.8528187793158344,-0.5989927764307567,False
2021-07,VRT,0.0,0.0,1.792597942425063,0.9387303908632983,False
2021-07,NVT,0.0,0.0,0.08318901079237911,0.03254389497612536,False
2021-07,JCI,0.0,0.0,0.31737628786548033,0.0009756930065557556,False
2021-07,TT,0.0,0.0,0.028474817523870505,-0.0947918494840524,False
2021-07,SPXC,0.0,0.0,-0.4820523974867846,-0.5641959303806612,False
2021-08,MOD,0.0,0.0,-0.7281818850793097,-0.09290617402432055,False
2021-08,AAON,0.0,0.0,-1.6742701301377259,-0.5186458843006079,False
2021-08,VRT,0.0,0.0,1.4924661398587011,0.8036710797084354,False
2021-08,NVT,0.0,0.0,-0.60603026999268,-0.2776047813771512,False
2021-08,JCI,0.0,0.0,0.5837858083088556,0.12085997720607464,False
2021-08,TT,0.0,0.0,0.8511542809272871,0.2754139090474851,False
2021-08,SPXC,0.0,0.0,0.08107605611487266,-0.3107881262599155,False
2021-09,MOD,0.0,0.0,-2.349674490538243,-0.8225778464808408,False
2021-09,AAON,0.0,0.0,0.14681525201009063,0.30084253766590957,False
2021-09,VRT,0.0,0.0,0.8069316192714835,0.49518054544418744,False
2021-09,NVT,0.0,0.0,0.3252217789761303,0.1414586406588134,False
2021-09,JCI,0.0,0.0,0.7429135366435063,0.19246745495666748,False
2021-09,TT,0.0,0.0,0.38175253398411124,0.06418312292305593,False
2021-09,SPXC,0.0,0.0,-0.05396023034707903,-0.37155445516779373,False
2021-10,MOD,0.0,0.0,-2.144962387057256,-0.7304573999143964,False
2021-10,AAON,0.0,0.0,0.986928948766043,0.6788937012060882,False
2021-10,VRT,0.0,0.0,-0.2536520884617264,0.017917876964243032,False
2021-10,NVT,0.0,0.0,0.9227047673089783,0.410325985408595,False
2021-10,JCI,0.0,0.0,0.6101937002506574,0.13274352857988544,False
2021-10,TT,0.0,0.0,0.19405163202654627,-0.020282282957848313,False
2021-10,SPXC,0.0,0.0,-0.315264572833243,-0.4891414092865675,False
2021-11,MOD,0.0,0.0,-1.9893667192089426,-0.6604393493826554,False
2021-11,AAON,0.0,0.0,1.194575752040413,0.7723347626795547,False
2021-11,VRT,0.0,0.0,-0.11042714907050036,0.08236909969029474,False
2021-11,NVT,0.0,0.0,1.0381199790896303,0.4622628307098884,False
2021-11,JCI,0.0,0.0,0.5407989313037582,0.1015158825537808,False
2021-11,TT,0.0,0.0,-0.2815253630390392,-0.23429193073736176,False
2021-11,SPXC,0.0,0.0,-0.3921754311153195,-0.523751295513502,False
2021-12,MOD,0.0,0.0,-1.571550712868532,-0.47242214652947057,False
2021-12,AAON,0.0,0.0,1.867602141170711,1.075196637788189,False
2021-12,VRT,0.0,0.0,-0.6121808259746081,-0.14342005491655377,False
2021-12,NVT,0.0,0.0,0.5504731874822423,0.24282177448656378,False
2021-12,JCI,0.0,0.0,0.39801967628751034,0.03726521779646924,False
2021-12,TT,0.0,0.0,-0.26076032017490725,-0.2249476614485024,False
2021-12,SPXC,0.0,0.0,-0.3716031459224165,-0.5144937671766956,False
2022-01,MOD,0.0,0.0,-2.1459417299710344,-0.7308981042255966,False
2022-01,AAON,0.0,0.0,0.9028985731125996,0.6410800321620387,False
2022-01,VRT,0.0,0.0,-0.6587785616334815,-0.16438903596304674,False
2022-01,NVT,0.0,0.0,0.5729080937278184,0.252917482297073,False
2022-01,JCI,0.0,0.0,0.7296213140152611,0.1864859547739571,False
2022-01,TT,0.0,0.0,0.5293987205252086,0.13062390686654973,False
2022-01,SPXC,0.0,0.0,0.06989359022362855,-0.3158202359109753,False
2022-02,MOD,0.0,0.0,-1.2030765384142699,-0.30660876802505266,False
2022-02,AAON,0.0,0.0,-0.15256659921241536,0.16612070461578188,False
2022-02,VRT,0.0,0.0,-1.5349962040888105,-0.5586869750679448,False
2022-02,NVT,0.0,0.0,1.0283444036932656,0.4578638217815243,False
2022-02,JCI,0.0,0.0,1.237697533853822,0.41512025370130956,False
2022-02,TT,0.0,0.0,0.7531323285198418,0.23130403046413467,False
2022-02,SPXC,0.0,0.0,-0.12853492435143438,-0.4051130674697537,False
2022-03,MOD,0.0,0.0,0.8985854765666416,0.6391391387163575,False
2022-03,AAON,0.0,0.0,-0.35736654727314904,0.07396072798845174,False
2022-03,VRT,0.0,0.0,-2.237207222774523,-0.8746819334765155,False
2022-03,NVT,0.0,0.0,0.8949187150317403,0.39782226188383785,False
2022-03,JCI,0.0,0.0,0.345251157435903,0.013519384313245952,False
2022-03,TT,0.0,0.0,0.09416682779535061,-0.06523044486188637,False
2022-03,SPXC,0.0,0.0,0.361651593218036,-0.18452913456349196,False
2022-04,MOD,0.0,0.0,0.9439462365339036,0.6595514807016254,False
2022-04,AAON,0.0,0.0,-0.608792896571642,-0.039181129195870135,False
2022-04,VRT,0.0,0.0,-2.0527907509114303,-0.7916945211381237,False
2022-04,NVT,0.0,0.0,1.102769995702558,0.49135533818570587,False
2022-04,JCI,0.0,0.0,0.2875538301078415,-0.012444412984381703,False
2022-04,TT,0.0,0.0,-0.12962710099636346,-0.1659377128181577,False
2022-04,SPXC,0.0,0.0,0.4569406861351327,-0.14164904275079845,False
2022-05,MOD,0.0,0.0,0.5780662378032277,0.4949054812728213,False
2022-05,AAON,0.0,0.0,-0.36613211932574935,0.0700162205647816,False
2022-05,VRT,0.0,0.0,-2.069500603718531,-0.799213954901319,False
2022-05,NVT,0.0,0.0,1.4770551845397373,0.6597836731624366,False
2022-05,JCI,0.0,0.0,0.2361021781715005,-0.03559765635573518,False
2022-05,TT,0.0,0.0,0.09555721711743088,-0.06460476966695024,False
2022-05,SPXC,0.0,0.0,0.04885190541238495,-0.32528899407603495,False
2022-06,MOD,0.0,0.0,1.8457541725456916,1.0653650519069302,False
2022-06,AAON,0.0,0.0,-0.3458688017214759,0.07913471348670464,False
2022-06,VRT,0.0,0.0,-1.0637687805047984,-0.3466346344551394,False
2022-06,NVT,0.0,0.0,0.8231481285833101,0.3655254979820443,False
2022-06,JCI,0.0,0.0,-1.116184752021219,-0.644126774942459,False
2022-06,TT,0.0,0.0,-0.5233613571344813,-0.3431181280803107,False
2022-06,SPXC,0.0,0.0,0.38028139025297264,-0.1761457258977705,False
2022-07,MOD,0.0,0.0,1.313509222499649,0.8258548243862108,False
2022-07,AAON,0.0,0.0,0.5157577369954377,0.46686665590931575,False
2022-07,VRT,0.0,0.0,-1.8525693187239833,-0.7015948766537726,False
2022-07,NVT,0.0,0.0,0.11603300500731625,0.04732369237284707,False
2022-07,JCI,0.0,0.0,-0.8496116374937703,-0.5241688734051071,False
2022-07,TT,0.0,0.0,-0.14831200192206415,-0.174345918234723,False
2022-07,SPXC,0.0,0.0,0.9051929936374148,0.060064495625228476,False
2022-08,MOD,0.0,0.0,1.7510536982863287,1.0227498384902167,False
2022-08,AAON,0.0,0.0,0.34863204751940063,0.39166009564509907,False
2022-08,VRT,0.0,0.0,-1.0860963183926386,-0.3566820265046675,False
2022-08,NVT,0.0,0.0,-0.43804887389951963,-0.20201315313522908,False
2022-08,JCI,0.0,0.0,-1.1433088353491194,-0.6563326124400142,False
2022-08,TT,0.0,0.0,-0.4134103121266033,-0.2936401578267656,False
2022-08,SPXC,0.0,0.0,0.981178593962151,0.09425801577135978,False
2022-09,MOD,0.0,0.0,1.7862243526266413,1.0385766329433572,False
2022-09,AAON,0.0,0.0,-0.03165548020754241,0.2205307081679747,False
2022-09,VRT,0.0,0.0,-0.2748363892464996,0.00838494161109507,False
2022-09,NVT,0.0,0.0,-1.577025771215386,-0.7145527569273689,False
2022-09,JCI,0.0,0.0,-0.8723269069919687,-0.5343907446792964,False
2022-09,TT,0.0,0.0,0.3987308469600117,0.07182336376221114,False
2022-09,SPXC,0.0,0.0,0.5708893480747438,-0.09037214487797346,False
2022-10,MOD,0.0,0.0,1.637683880711836,0.971733420581695,False
2022-10,AAON,0.0,0.0,-1.2073855275993934,-0.3085478131583582,False
2022-10,VRT,0.0,0.0,1.1452020453261302,0.6474022371687785,False
2022-10,NVT,0.0,0.0,-0.8861553627683367,-0.4036610731261968,False
2022-10,JCI,0.0,0.0,-0.646762092198614,-0.4328865780222867,False
2022-10,TT,0.0,0.0,0.39358488669850733,0.06950768164453418,False
2022-10,SPXC,0.0,0.0,-0.43616783017012745,-0.5435478750881655,False
2022-11,MOD,0.0,0.0,1.9535112089583162,1.1138557182926112,False
2022-11,AAON,0.0,0.0,-0.632019227957588,-0.04963297831954583,False
2022-11,VRT,0.0,0.0,1.0343695674179867,0.5975276221101139,False
2022-11,NVT,0.0,0.0,-1.0179696715612314,-0.4629775120829994,False
2022-11,JCI,0.0,0.0,-0.6210534925486338,-0.42131770817979564,False
2022-11,TT,0.0,0.0,-0.49169882775386764,-0.3288699898590346,False
2022-11,SPXC,0.0,0.0,-0.22513955655498238,-0.44858515196135024,False
2022-12,MOD,0.0,0.0,1.6926255630082292,0.9964571776150719,False
2022-12,AAON,0.0,0.0,1.3565060478275173,0.8452033957837516,False
2022-12,VRT,0.0,0.0,-0.5306489382383953,-0.106730705435258,False
2022-12,NVT,0.0,0.0,-0.386998316370567,-0.1790404022472004,False
2022-12,JCI,0.0,0.0,-0.23802036632038534,-0.2489528013770838,False
2022-12,TT,0.0,0.0,-1.0312820328356131,-0.57168243214582,False
2022-12,SPXC,0.0,0.0,-0.8621819570707846,-0.7352542321934612,False
2023-01,MOD,0.0,0.0,1.6676151201324738,0.9852024783209821,False
2023-01,AAON,0.0,0.0,0.6888774268233592,0.5447705163318804,False
2023-01,VRT,0.0,0.0,0.7444225944181007,0.4670514842601652,False
2023-01,NVT,0.0,0.0,-0.763326771185287,-0.34838820691382444,False
2023-01,JCI,0.0,0.0,-0.06983995340899522,-0.17327161556695825,False
2023-01,TT,0.0,0.0,-1.2592852988782162,-0.6742839018649914,False
2023-01,SPXC,0.0,0.0,-1.0084631179014345,-0.8010807545672537,False
2023-02,MOD,0.0,0.0,1.7770718147055709,1.0344579908788756,False
2023-02,AAON,0.0,0.0,0.36263953301896457,0.39796346411990285,False
2023-02,VRT,0.0,0.0,-1.7122170941133326,-0.6384363755789797,False
2023-02,NVT,0.0,0.0,-0.624449384354654,-0.28589338284003957,False
2023-02,JCI,0.0,0.0,0.5553268596131175,0.10805345029299246,False
2023-02,TT,0.0,0.0,-0.26941018056341665,-0.22884009862333163,False
2023-02,SPXC,0.0,0.0,-0.08896154830625025,-0.3873050482494208,False
2023-03,MOD,0.0,0.0,0.756898380508439,0.5753799454901665,False
2023-03,AAON,0.0,0.0,0.692906958013286,0.5465838053673475,False
2023-03,VRT,0.0,0.0,0.992720473343388,0.5787855297765445,False
2023-03,NVT,0.0,0.0,0.6704276388041783,0.296801277581435,False
2023-03,JCI,0.0,0.0,-1.9540815423902085,-1.021180330608504,False
2023-03,TT,0.0,0.0,-0.6845333086340996,-0.4156455062551389,False
2023-03,SPXC,0.0,0.0,-0.47433859964498526,-0.5607247213518516,False
2023-04,MOD,0.0,0.0,0.6258522029300494,0.516409165579891,False
2023-04,AAON,0.0,0.0,1.770823730310771,1.0316463529012156,False
2023-04,VRT,0.0,0.0,-0.5380252674783297,-0.11005005359322845,False
2023-04,NVT,0.0,0.0,0.18251208188419532,0.07723927696744265,False
2023-04,JCI,0.0,0.0,-1.757488340474611,-0.9327133897464854,False
2023-04,TT,0.0,0.0,-0.04007857684952577,-0.12564087695208073,False
2023-04,SPXC,0.0,0.0,-0.24359583032254903,-0.45689047515675524,False
2023-05,MOD,0.0,0.0,-0.895602283713137,-0.16824535340954283,False
2023-05,AAON,0.0,0.0,1.8562980194862893,1.0701097830301989,False
2023-05,VRT,0.0,0.0,0.4060577765128016,0.31478731620278066,False
2023-05,NVT,0.0,0.0,0.4443894266767624,0.19508408212409784,False
2023-05,JCI,0.0,0.0,-1.0207285093852836,-0.601171465756288,False
2023-05,TT,0.0,0.0,0.32431525071756,0.038336345453107865,False
2023-05,SPXC,0.0,0.0,-1.1147296802949924,-0.8489007076443548,False
2023-06,MOD,0.0,0.0,0.985824793096587,0.678396831154833,False
2023-06,AAON,0.0,0.0,-0.6081257022852887,-0.03888089176701115,False
2023-06,VRT,0.0,0.0,1.586388330323994,0.8459360654178173,False
2023-06,NVT,0.0,0.0,-0.6692298443785117,-0.30604458985077554,False
2023-06,JCI,0.0,0.0,-0.6115392389072593,-0.41703629404117704,False
2023-06,TT,0.0,0.0,-1.363029295812431,-0.7209687004853882,False
2023-06,SPXC,0.0,0.0,0.6797109579629105,-0.04140242042829845,False
2023-07,MOD,0.0,0.0,0.8675712081374432,0.6251827179232182,False
2023-07,AAON,0.0,0.0,-1.2355272077787982,-0.32121156923909044,False
2023-07,VRT,0.0,0.0,1.9173776212197284,0.9948812463208977,False
2023-07,NVT,0.0,0.0,-0.09983348097116339,-0.04981622631746877,False
2023-07,JCI,0.0,0.0,-0.44110318342680793,-0.34034006907497394,False
2023-07,TT,0.0,0.0,-0.9113027189191834,-0.5176917408834266,False
2023-07,SPXC,0.0,0.0,-0.09718223826121945,-0.39100435872915695,False
2023-08,MOD,0.0,0.0,1.5468994224248767,0.9308804143525633,False
2023-08,AAON,0.0,0.0,-1.0434650168950375,-0.23478358334139804,False
2023-08,VRT,0.0,0.0,1.3961173787197585,0.7603141371959112,False
2023-08,NVT,0.0,0.0,-0.2347030476722792,-0.11050753133297089,False
2023-08,JCI,0.0,0.0,-0.6460013812877885,-0.43254425811241526,False
2023-08,TT,0.0,0.0,-1.046876432941392,-0.5786999121934205,False
2023-08,SPXC,0.0,0.0,0.028029077651860974,-0.3346592665682707,False
2023-09,MOD,0.5771037710703806,0.0,1.1397699962627619,0.7476721725796117,True
2023-09,AAON,0.0,0.0,-0.710807742617657,-0.08508780991657683,False
2023-09,VRT,0.4228962289296194,0.0,1.7618331747421763,0.9248862454059993,True
2023-09,NVT,0.0,0.0,-0.011596705104442974,-0.01010967717744458,False
2023-09,JCI,0.0,0.0,-1.1019670651690947,-0.637728815859003,False
2023-09,TT,0.0,0.0,-0.15329735420524487,-0.17658932676215433,False
2023-09,SPXC,0.0,0.0,-0.9239343039084992,-0.7630427882704328,False
2023-10,MOD,0.2119264135928719,0.0,1.2346793743455386,0.7903813927168613,True
2023-10,AAON,0.0,0.0,-0.769946267729897,-0.11170014621708485,False
2023-10,VRT,0.16307358640712807,0.0,1.6089193463773224,0.856075022641815,True
2023-10,NVT,0.0,0.0,-0.16228072923443398,-0.07791748803594054,False
2023-10,JCI,0.0,0.0,-1.4277946743295071,-0.7843512399811886,False
2023-10,TT,0.0,0.0,-0.004858075283165071,-0.10979165124721842,False
2023-10,SPXC,0.0,0.0,-0.4787189741458576,-0.5626958898772441,False
2023-11,MOD,0.20436699265759448,0.0,0.4358672213810138,0.430915923882825,True
2023-11,AAON,0.0,0.0,-0.908783811526642,-0.17417704092562009,False
2023-11,VRT,0.1706330073424055,0.0,2.038037438702161,1.0491781641879923,True
2023-11,NVT,0.0,0.0,-0.20426105741633044,-0.09680863571779394,False
2023-11,JCI,0.0,0.0,-1.3371440750351358,-0.7435584702987216,False
2023-11,TT,0.0,0.0,0.005128505705559466,-0.10529768980229237,False
2023-11,SPXC,0.0,0.0,-0.028844221810626316,-0.36025225132639005,False
2023-12,MOD,0.0,0.0,0.1993494657297915,0.324482933839775,False
2023-12,AAON,0.0,0.0,-0.3361137780161061,0.08352447415412106,False
2023-12,VRT,0.1218147713397565,0.0,1.1181112991196045,0.635211401375842,True
2023-12,NVT,0.0,0.0,-1.0303576658368592,-0.4685521095070319,False
2023-12,JCI,0.0,0.0,-1.7175174142355822,-0.9147264729389225,False
2023-12,TT,0.2531852286602435,0.0,0.9957378250508557,0.340476503903091,True
2023-12,SPXC,0.0,0.0,0.7707902681882962,-0.00041673082687487817,False
2024-01,MOD,0.32688439701165917,0.0,1.0015746260759586,0.6854842559955502,True
2024-01,AAON,0.42311560298834083,0.0,0.9358731596732274,0.6559185961143211,True
2024-01,VRT,0.0,0.0,0.8498907119745391,0.5145121371605625,False
2024-01,NVT,0.0,0.0,-1.2427584606963435,-0.5641324671937998,False
2024-01,JCI,0.0,0.0,-1.6566670766620162,-0.8873438210308178,False
2024-01,TT,0.0,0.0,-0.1713320817192361,-0.1847049541434504,False
2024-01,SPXC,0.0,0.0,0.28341912135387026,-0.21973374690236655,False
2024-02,MOD,0.4038085098436936,0.0,1.998132975358292,1.1339355131726,True
2024-02,AAON,0.0,0.0,-0.2107830721896178,0.1399232917760408,False
2024-02,VRT,0.34619149015630635,0.0,0.5671286938247648,0.38726922899316407,True
2024-02,NVT,0.0,0.0,-0.44049764134313707,-0.20311509848485693,False
2024-02,JCI,0.0,0.0,-1.5148388990099426,-0.8235211410873846,False
2024-02,TT,0.0,0.0,-0.008563304349823019,-0.11145900432721449,False
2024-02,SPXC,0.0,0.0,-0.3905787522905371,-0.5230327900423499,False
2024-03,MOD,0.2596001363579056,0.0,1.9235726519308682,1.1003833676302595,True
2024-03,AAON,0.0,0.0,-0.16184942925071685,0.16194343109854623,False
2024-03,VRT,0.49039986364209454,0.0,0.8144029469907196,0.49854264291784367,True
2024-03,NVT,0.0,0.0,-0.5651983563466997,-0.2592304202364601,False
2024-03,JCI,0.0,0.0,-1.3729822589066494,-0.7596856530409026,False
2024-03,TT,0.0,0.0,-0.6370954928687245,-0.39429848916072013,False
2024-03,SPXC,0.0,0.0,-0.0008500615487986382,-0.3476548792085676,False
2024-04,MOD,0.0,0.0,1.3045310152881615,0.8218146311410415,False
2024-04,AAON,0.0,0.0,-0.7078075315695849,-0.08373771494494442,False
2024-04,VRT,0.0,0.0,1.7502606283834297,0.9196785995445633,False
2024-04,NVT,0.0,0.0,-0.2394734990868814,-0.11265423446954187,False
2024-04,JCI,0.0,0.0,-1.0618257468907444,-0.6196652226337453,False
2024-04,TT,0.0,0.0,-0.4893374484355107,-0.32780736916577397,False
2024-04,SPXC,0.0,0.0,-0.5563474176888693,-0.5976286894715994,False
2024-05,MOD,0.0,0.0,0.20830184426404488,0.328511504180189,False
2024-05,AAON,0.0,0.0,0.21093965825922584,0.32969852047802045,False
2024-05,VRT,0.0,0.0,2.2393239187191853,1.1397570801956534,False
2024-05,NVT,0.0,0.0,-0.870545182051433,-0.3966364918035901,False
2024-05,JCI,0.0,0.0,-0.5933499478080533,-0.40885111304653443,False
2024-05,TT,0.0,0.0,-0.40496627842274724,-0.2898403426600304,False
2024-05,SPXC,0.0,0.0,-0.7897040129602206,-0.7026391573437074,False
2024-06,MOD,0.0,0.0,-0.2793191347512186,0.10908206362332043,False
2024-06,AAON,0.0,0.0,-2.016091165152315,-0.6724653500571729,False
2024-06,VRT,0.0,0.0,1.6375049207197616,0.8689385310959127,False
2024-06,NVT,0.0,0.0,0.2634083275605983,0.11364258752182399,False
2024-06,JCI,0.0,0.0,0.2908734877021978,-0.010950567066921407,False
2024-06,TT,0.0,0.0,-0.039222868033413016,-0.12525580798483,False
2024-06,SPXC,0.0,0.0,0.14284643195438862,-0.2829914571321333,False
2024-07,MOD,0.0,0.0,-0.028536959309989746,0.2219340425718734,False
2024-07,AAON,0.0,0.0,-1.2930688442705758,-0.34710530566039033,False
2024-07,VRT,0.0,0.0,0.11808140119945539,0.18519794731177483,False
2024-07,NVT,0.0,0.0,-0.7597134710058207,-0.34676222183306454,False
2024-07,JCI,0.0,0.0,-0.7279544196682598,-0.4694231253836273,False
2024-07,TT,0.0,0.0,0.8048211404581662,0.2545639958363807,False
2024-07,SPXC,0.0,0.0,1.8863711525970235,0.5015946671570524,False
2024-08,MOD,0.0,0.31810908835426077,1.442707291895071,0.995332136538142,False
2024-08,AAON,0.0,-2.0337051898426224,-0.8588122605123021,-0.863486659414085,False
2024-08,VRT,0.0,0.8466672858445223,-1.6721079003174233,-0.32405368832523773,False
2024-08,NVT,0.0,0.31810908835426077,-0.33231323151741077,-0.04309393313928884,False
2024-08,JCI,0.0,-0.3707213656382609,0.3353191026712659,-0.12070251830423206,False
2024-08,TT,0.0,1.2922624585661007,0.007167115027393322,0.34791154489066806,False
2024-08,SPXC,0.0,-0.3707213656382609,1.0780398827534057,0.008093117754033097,False
2024-09,MOD,0.0,-0.8660254037844386,0.8724694998277365,0.32427805785929675,False
2024-09,AAON,0.0,-0.8660254037844386,1.225754463111011,0.48325629133677034,False
2024-09,VRT,0.0,1.1547005383792517,-1.3883788803332522,-0.08856399094520553,False
2024-09,NVT,0.0,-0.8660254037844386,-1.4764500960953957,-0.9724025944479268,False
2024-09,JCI,0.0,1.1547005383792517,-0.23724867127387522,0.15553964982658378,False
2024-09,TT,0.0,1.1547005383792517,0.31662421937005075,0.43902056977946674,False
2024-09,SPXC,0.0,-0.8660254037844386,0.6872294653937248,-0.34112798340898554,False
2024-10,MOD,0.0,-0.6279853650488607,1.3366780752834762,0.6164859303718319,False
2024-10,AAON,0.0,-0.6279853650488607,0.6769003334409204,0.3195859465426817,False
2024-10,VRT,0.0,1.3479254964030272,-0.012850308652547358,0.5980526016194331,False
2024-10,NVT,0.0,-0.6279853650488607,-2.1481895382750165,-1.191371329871304,False
2024-10,JCI,0.0,1.792001328841276,0.1370753548552402,0.5470407382463941,False
2024-10,TT,0.0,-0.6279853650488607,0.25153695836868484,-0.2142087638709872,False
2024-10,SPXC,0.0,-0.6279853650488607,-0.24115087502075802,-0.6755851230380505,False
2024-11,MOD,0.0,-0.408248290463863,-0.8365888814871407,-0.28457622407019656,False
2024-11,AAON,0.0,-0.408248290463863,1.192703452435404,0.6286053261949486,False
2024-11,VRT,0.0,2.449489742783178,1.7808798331778957,1.7907786516761852,False
2024-11,NVT,0.0,-0.408248290463863,-0.6333341785062256,-0.43277844187059883,False
2024-11,JCI,0.0,-0.408248290463863,-0.4080800897794989,-0.4683665785960369,False
2024-11,TT,0.0,-0.408248290463863,-0.02901503028908677,-0.2635491826622352,False
2024-11,SPXC,0.0,-0.408248290463863,-1.0665651055513474,-0.9701135506720666,False
2024-12,MOD,0.0,-0.7601373333284648,-0.7083162872181935,-0.35001472165178094,False
2024-12,AAON,0.0,-0.7601373333284648,1.2448283443803094,0.5289003625675455,False
2024-12,VRT,0.0,0.4959712469780744,1.832655978402252,1.1303464434953594,False
2024-12,NVT,0.0,-0.7601373333284648,-0.4615437461523044,-0.4786339123139449,False
2024-12,JCI,0.0,2.048606839357711,-0.4695894166542387,0.36385351974788094,False
2024-12,TT,0.0,0.4959712469780744,-0.47147602808979416,-0.14617979356787553,False
2024-12,SPXC,0.0,-0.7601373333284648,-0.9665588446680301,-1.0482718982771844,False
2025-01,MOD,0.0,-0.6198125727820488,-1.414414398824056,-0.6186452056831735,False
2025-01,AAON,0.0,-0.6198125727820488,1.0996358177657877,0.5126773917822562,False
2025-01,VRT,0.0,1.177330843647751,1.6111610268854202,1.2691495741471719,False
2025-01,NVT,0.0,-0.6198125727820488,-0.22628301044304966,-0.32365291505353466,False
2025-01,JCI,0.0,1.921732020262493,0.3057047815480397,0.6683297222555799,False
2025-01,TT,0.0,-0.6198125727820488,-0.46061915025028727,-0.5318185354561406,False
2025-01,SPXC,0.0,-0.6198125727820488,-0.9151850666818544,-0.9760400319921597,False
2025-02,MOD,0.0,-0.6324555320336758,-1.5884149020414748,-0.7013704678690814,False
2025-02,AAON,0.0,-0.6324555320336758,0.5038970598440877,0.24016991497942178,False
2025-02,VRT,0.0,-0.6324555320336758,1.1220593008388107,0.41562856593769815,False
2025-02,NVT,0.0,-0.6324555320336758,-1.4239209380502558,-0.8670150182148467,False
2025-02,JCI,0.0,1.5811388300841895,0.6681380844435134,0.7122170919961369,False
2025-02,TT,0.0,1.5811388300841895,0.01844923622449811,0.4540952294606963,False
2025-02,SPXC,0.0,-0.6324555320336758,0.6997921587408211,-0.25372531629002515,False
2025-03,MOD,0.0,-0.6844889261023631,-1.072801557363064,-0.4875561506878371,False
2025-03,AAON,0.0,-0.6844889261023631,-1.6183163389149127,-0.733037802386169,False
2025-03,VRT,0.0,-0.043250261338692975,-0.09155687015363302,0.0757231337343425,False
2025-03,NVT,0.0,-0.6844889261023631,0.08550911988938187,-0.2059831800660505,False
2025-03,JCI,0.0,2.183217562323168,1.6188267196811745,1.3507545341367269,False
2025-03,TT,0.0,0.5979884034249772,0.6180592812722308,0.3798171004014517,False
2025-03,SPXC,0.0,-0.6844889261023631,0.4602796455888226,-0.37971763513246504,False
2025-04,MOD,0.0,-0.6324555320336758,-0.960332569155495,-0.41873341807039044,False
2025-04,AAON,0.0,-0.6324555320336758,-0.9437394601029072,-0.41126651899672595,False
2025-04,VRT,0.0,-0.6324555320336758,-1.199438053569784,-0.6290452435461693,False
2025-04,NVT,0.0,1.5811388300841895,-0.084179450257004,0.5106266780333693,False
2025-04,JCI,0.0,1.5811388300841895,1.5376482107528715,1.1034966488353481,False
2025-04,TT,0.0,-0.6324555320336758,0.9136185198689435,0.08216338035944397,False
2025-04,SPXC,0.0,-0.6324555320336758,0.7364228024633748,-0.23724152661487602,False
2025-05,MOD,0.0,-1.0845431338026348,-0.6243873396091094,-0.42578872539365265,False
2025-05,AAON,0.0,-1.0845431338026348,-0.811824990841134,-0.5101356684480637,False
2025-05,VRT,0.0,1.001713709962504,-1.336485577449763,-0.11875739459349713,False
2025-05,NVT,0.0,-1.0845431338026348,-0.28157815388157287,-0.5111914259580751,False
2025-05,JCI,0.0,1.470589236004323,1.4843261413318585,1.040809359667939,False
2025-05,TT,0.0,0.3906632277205385,1.3550649569384947,0.638905842954717,False
2025-05,SPXC,0.0,0.3906632277205385,0.21488496351122707,-0.11384198822936753,False
2025-06,MOD,0.0,-0.6198125727820488,-0.9474646322319424,-0.40851781071672233,False
2025-06,AAON,0.0,-0.6198125727820488,1.5051805879777238,0.6951725383776275,False
2025-06,VRT,0.0,1.177330843647751,-0.0829690215431805,0.5067910523543016,False
2025-06,NVT,0.0,-0.6198125727820488,-0.7033005607062323,-0.5383108126719668,False
2025-06,JCI,0.0,-0.6198125727820488,0.5908530882722753,-0.09289414728410356,False
2025-06,TT,0.0,1.9217320202624928,1.027255997565209,1.0272658886264225,False
2025-06,SPXC,0.0,-0.6198125727820488,-1.3895554593338528,-1.1895067086855589,False
2025-07,MOD,0.0,-0.4082482904638629,-0.13094092625496467,0.03296535578428267,False
2025-07,AAON,0.0,-0.4082482904638629,-1.9233586556952922,-0.7736226224638648,False
2025-07,VRT,0.0,2.449489742783178,1.7728553849460127,1.7871676499718379,False
2025-07,NVT,0.0,-0.4082482904638629,0.36552098024908375,0.01670637956929042,False
2025-07,JCI,0.0,-0.4082482904638629,0.026270342347009756,-0.272908884139108,False
2025-07,TT,0.0,-0.4082482904638629,-0.06371105390692947,-0.27916239329026443,False
2025-07,SPXC,0.0,-0.4082482904638629,-0.04663607168492007,-0.5111454854321742,False
2025-08,MOD,0.0,-0.8488116453086293,1.0943949774819726,0.43016933827023623,False
2025-08,AAON,0.0,-0.8488116453086293,-1.8494133183996841,-0.8945443948765092,False
2025-08,VRT,0.0,1.3460339952302034,1.2647245246640322,1.1722992512014057,False
2025-08,NVT,0.0,-0.8488116453086293,0.3777422796022587,-0.13199120991744903,False
2025-08,JCI,0.0,1.3460339952302034,-0.28260848717126485,0.20209444257059153,False
2025-08,TT,0.0,0.7031785907741106,-0.7365682360927283,-0.19294871684058318,False
2025-08,SPXC,0.0,-0.8488116453086293,0.13172825991541448,-0.5850787104076919,False
2025-09,MOD,0.0,-0.8366600265340756,1.4772504809607074,0.6067073814067607,False
2025-09,AAON,0.0,-0.8366600265340756,-1.5887683952108675,-0.773001112870448,False
2025-09,VRT,0.0,1.6733200530681511,0.16067663170274446,0.7900278196121078,False
2025-09,NVT,0.0,0.8366600265340756,0.9934116968661805,0.7349751129962624,False
2025-09,JCI,0.0,-0.8366600265340756,-0.47016259129597177,-0.6462478119030242,False
2025-09,TT,0.0,-0.8366600265340756,-0.9555259577834324,-0.8304232076592651,False
2025-09,SPXC,0.0,0.8366600265340756,0.38311813476063883,0.11796181841760567,False
2025-10,MOD,0.0,-0.6301856935251052,1.5042731037879074,0.6911335782321403,False
2025-10,AAON,0.0,-0.6301856935251052,0.5202859214965256,0.24833934620101852,False
2025-10,VRT,0.0,1.7338227737386804,-0.05016099880889804,0.7163268381165538,False
2025-10,NVT,0.0,-0.6301856935251052,0.9807865652104156,0.21589780173045497,False
2025-10,JCI,0.0,1.4171056938868463,-0.9638033564293045,-0.07956815406570125,False
2025-10,TT,0.0,-0.6301856935251052,-1.5389631343653285,-1.0207039205679789,False
2025-10,SPXC,0.0,-0.6301856935251052,-0.4524181008913178,-0.771425489646488,False
2025-11,MOD,0.0,-0.5651863671814403,-0.4621028272976463,-0.17098582653607614,False
2025-11,AAON,0.0,-0.5651863671814403,-0.15231934195490798,-0.03158325813184393,False
2025-11,VRT,0.0,2.252571921137328,0.9046658384977951,1.3275611164940924,False
2025-11,NVT,0.0,0.5733599147698739,1.772624545911531,0.9934658559491997,False
2025-11,JCI,0.0,-0.5651863671814403,-0.8608904880011123,-0.7270595846469151,False
2025-11,TT,0.0,-0.5651863671814403,-1.419259623881847,-0.9440875766301294,False
2025-11,SPXC,0.0,-0.5651863671814403,0.21728189672618814,-0.4473107264983276,False
2025-12,MOD,0.0,0.7844645405527362,0.26906154025624507,0.6304159565701368,False
2025-12,AAON,0.0,-0.5883484054145521,-0.3177527515995082,-0.11413500585350311,False
2025-12,VRT,0.0,2.1572774865200244,2.0541651663263805,1.8114827619008995,False
2025-12,NVT,0.0,-0.5883484054145521,0.2311343389707853,-0.1068026492386851,False
2025-12,JCI,0.0,-0.5883484054145521,-0.6898358901155934,-0.6581917289800208,False
2025-12,TT,0.0,-0.5883484054145521,-1.437274548433945,-0.9603010060601628,False
2025-12,SPXC,0.0,-0.5883484054145521,-0.1094978554043637,-0.6024683283386651,False
2026-01,MOD,0.0,0.41420570183196725,-0.5056399391771483,0.1522096972728406,False
2026-01,AAON,0.0,-0.8730308258883783,-1.9222290543259846,-0.9357881892462566,False
2026-01,VRT,0.0,2.1305210721257617,0.8460025333063933,1.2584448320039134,False
2026-01,NVT,0.0,-0.8730308258883783,0.46188856437178166,-0.10260209497407588,False
2026-01,JCI,0.0,0.037182851853703194,0.9878850530081223,0.3157186354695408,False
2026-01,TT,0.0,0.037182851853703194,-0.687498947111993,-0.40396604542139486,False
2026-01,SPXC,0.0,-0.8730308258883783,0.8195917899288283,-0.2840168351045678,False
2026-02,MOD,0.0,0.12482035091052497,2.204191978571702,1.2703491874373185,False
2026-02,AAON,0.0,-0.927645529867205,-0.8237042408014519,-0.4605671695528063,False
2026-02,VRT,0.0,2.245658498487931,-0.34027735467883014,0.7649169816373221,False
2026-02,NVT,0.0,-0.927645529867205,-0.14763687703356665,-0.396003689999072,False
2026-02,JCI,0.0,-0.32000407028728595,0.5417789081759071,-0.010044552454302275,False
2026-02,TT,0.0,-0.32000407028728595,-0.6768282811166895,-0.5241796684728545,False
2026-02,SPXC,0.0,0.12482035091052497,-0.757524133117071,-0.6444710885956064,False
2026-03,MOD,0.0,0.25593358962202994,1.393943731618848,0.9516271098575609,False
2026-03,AAON,0.0,0.25593358962202994,-0.823113327149693,-0.0460485665882826,False
2026-03,VRT,0.0,2.232851502964391,1.4945744214832088,1.5861178324770009,False
2026-03,NVT,0.0,-0.6861796705521129,-0.6597696456979762,-0.541950385137774,False
2026-03,JCI,0.0,-0.6861796705521129,0.34664519296383783,-0.22601618439242288,False
2026-03,TT,0.0,-0.6861796705521129,-0.7103835969588896,-0.667441020694534,False
2026-03,SPXC,0.0,-0.6861796705521129,-1.0418967762593356,-1.0562887855215486,False
2026-04,MOD,0.0,0.17251085817283718,1.6713865960129644,1.0472784428276958,False
2026-04,AAON,0.0,0.6461957690039719,-0.5899858984536825,0.1954505391086018,False
2026-04,VRT,0.0,1.9219795481918909,1.400278858266023,1.434879644858892,False
2026-04,NVT,0.0,-0.9710656778471789,-0.21604928116722016,-0.4419863236522069,False
2026-04,JCI,0.0,0.17251085817283718,-0.5472794977683312,-0.32774061016816647,False
2026-04,TT,0.0,-0.9710656778471789,-0.6654671431402885,-0.7469387190294366,False
2026-04,SPXC,0.0,-0.9710656778471789,-1.0528836337494638,-1.1609429739453794,False
2026-05,MOD,0.0,-0.408248290463863,0.5740656249707086,0.35021830383583563,False
2026-05,AAON,0.0,-0.408248290463863,-1.1684890789465827,-0.43393131292694553,False
2026-05,VRT,0.0,2.4494897427831783,2.020863728507022,1.8987714045742923,False
2026-05,NVT,0.0,-0.408248290463863,0.1047006269697969,-0.10066277940638868,False
2026-05,JCI,0.0,-0.408248290463863,-0.12315871561603633,-0.34015196022247884,False
2026-05,TT,0.0,-0.408248290463863,-0.38473060916034846,-0.42362119315430297,False
2026-05,SPXC,0.0,-0.408248290463863,-1.02325157672456,-0.9506224627000123,False
2026-06,MOD,0.0,0.004916230134688337,0.42057947605493234,0.42575711903322927,False
2026-06,AAON,0.0,0.004916230134688337,1.1499381885310667,0.7539685396474898,False
2026-06,VRT,0.0,0.2683022644390809,0.47569452041770127,0.4400296435136638,False
2026-06,NVT,0.0,1.301693992686624,1.2597150950596656,1.0175735303367226,False
2026-06,JCI,0.0,0.5064214409050407,-1.2559820407698665,-0.5297880505625862,False
2026-06,TT,0.0,0.14027590284018784,-0.9580434010081091,-0.4896284818293775,False
2026-06,SPXC,0.0,-2.226526061140308,-1.0919018382853907,-1.617912300139142,False
2026-07,MOD,0.0,-0.6679316651381815,-0.4148537707351403,-0.18568460536780784,False
2026-07,AAON,0.0,-0.6679316651381815,1.6811235003057254,0.7575051666005818,False
2026-07,VRT,0.0,2.254605129201497,0.3626492263602063,1.0843652638546366,False
2026-07,NVT,0.0,0.358943092168538,1.040203824352961,0.5888306433373756,False
2026-07,JCI,0.0,0.058178439182690056,-1.36663717015558,-0.7364679093889799,False
2026-07,TT,0.0,-0.6679316651381815,-0.8413087553315511,-0.7199705400673557,False
2026-07,SPXC,0.0,-0.6679316651381815,-0.46117685479662196,-0.7885780189684516,False
2026-08,MOD,0.0,-0.04756934406699772,-1.188461928933224,-0.31668146418203125,False
2026-08,AAON,0.21142474620070884,-0.04756934406699772,0.29232862366114887,0.3496742844854366,True
2026-08,VRT,0.0,2.0399187658072364,-1.7440886586128195,0.06119298842878382,False
2026-08,NVT,0.538575253799291,0.4107135601744055,1.2320808511359826,0.693294969191789,True
2026-08,JCI,0.0,-1.153962146890324,0.6900510119451245,-0.23520743256921775,False
2026-08,TT,0.0,-1.153962146890324,0.03637133679619879,-0.49512516722311806,False
2026-08,SPXC,0.0,-0.04756934406699772,0.6817187640075886,-0.057148178131642524,False
